name,short_name,gender,birth_date,country,discipline,function
ABAEVA Elena,ABAEVA E,Female,1966-04-21,Uzbekistan,Wrestling,Judge
ABBAR Bachir,ABBAR B,Male,1965-05-03,Morocco,Boxing,Judge
ABDELLATIF Makfouni,ABDELLATIF M,Male,1972-11-23,Morocco,Boxing,Judge
ABE Miya,ABE M,Female,1992-10-27,Japan,Beach Volleyball,Referee
ACIGA FULA Antonio Stephen,ACIGA FULA AS,Male,1957-11-28,Uganda,Boxing,Judge
AEBA Kazue,AEBA K,Female,1977-08-10,Japan,Volleyball,Referee
AGNIESZKA Myszkowska,AGNIESZKA M,Female,1977-04-16,Poland,Beach Volleyball,Referee
AHADPOUR Raheleh,AHADPOUR R,Female,1985-05-13,Islamic Republic of Iran,Beach Volleyball,Referee
AHLERING Julie,AHLERING J,Female,1959-03-12,United States of America,Diving,Judge
AKASE Hiroyuki,AKASE H,Male,1988-04-28,Japan,Volleyball,Referee
AKASHI Naoki,AKASHI N,Male,1979-03-16,Japan,Volleyball,Referee
AKHMETOV Meirambek,AKHMETOV M,Male,1961-11-07,Kyrgyzstan,Wrestling,Judge
AL ALAWI Abdul Monem Khamis Abddul,AL ALAWI AMKA,Male,1969-10-05,Oman,Diving,Judge
AL ALAWI Abdul Monem Khamis Abddul,AL ALAWI A,Male,1969-10-05,Oman,Water Polo,Judge
AL DEGAITHER Nasser,AL DEGAITHER N,Male,1966-10-15,Saudi Arabia,Diving,Judge
AL MARRI Abdulla,AL MARRI A,Male,1992-12-16,Qatar,Football,Video Assistant Referee (VAR)
ALEXANDRESCU Adrian,ALEXANDRESCU A,Male,1970-02-06,Romania,Water Polo,Referee
ALKALAF Mohammad,ALKALAF M,Male,1981-01-24,Jordan,Football,Assistant Referee
ALONSO Maribel,ALONSO M,Female,1954-02-20,Mexico,Equestrian,Jury Member
ALPAIDZE Viktoriia,ALPAIDZE V,Female,1987-05-08,Russian Federation,Handball,Referee
ALROALLE Ahmad,ALROALLE A,Male,1979-06-30,Jordan,Football,Assistant Referee
ALROUSI Hamid,ALROUSI H,Male,1965-07-01,United Arab Emirates,Volleyball,Referee
ALSAFFAR Bashar,ALSAFFAR B,Male,1978-04-16,Kuwait,Diving,Judge
ALSAFFAR Bashar,ALSAFFAR B,Male,1978-04-16,Kuwait,Water Polo,Judge
ALVES Edina,ALVES E,Female,1980-01-10,Brazil,Football,Referee
AMANO Akiko,AMANO A,Female,1970-10-31,Japan,Judo,Judge
AMAWI Adam,AMAWI A,Male,1985-08-20,Jordan,Taekwondo,Referee
AMBOYA Monica,AMBOYA M,Female,1982-06-09,Ecuador,Football,Assistant Referee
ANCO BOBADILLA Miguel,ANCO BOBADILLA M,Male,1963-04-07,Peru,Boxing,Judge
ARAI Yuji,ARAI Y,Male,1969-11-20,Japan,Beach Volleyball,Referee
ARAYA Raul Jose,ARAYA RJ,Male,1960-07-18,Argentina,Diving,Judge
ARAYA Raul Jose,ARAYA R,Male,1960-07-18,Argentina,Water Polo,Judge
ARBLASTER Ryan,ARBLASTER R,Male,1979-12-25,Australia,Diving,Judge
ARBLASTER Ryan,ARBLASTER R,Male,1979-12-25,Australia,Water Polo,Judge
ARENA Renato,ARENA R,Male,1955-05-12,Italy,Volleyball,Referee
ARIMURA Kumiko,ARIMURA K,Female,1975-11-18,Japan,Volleyball,Referee
ASADA Masako,ASADA M,Female,1971-01-08,Japan,Diving,Judge
ASAI Tadayoshi,ASAI T,Male,1972-04-19,Japan,Volleyball,Referee
ASHOUR Mahmoud,ASHOUR M,Male,1976-11-10,Egypt,Football,Video Assistant Referee (VAR)
ATKINS Kyle,ATKINS K,Male,1986-12-23,United States of America,Football,Assistant Referee
AVASILOAE Florin,AVASILOAE F,Male,1969-08-21,Romania,Diving,Judge
AXTELIUS Peter,AXTELIUS P,Male,1979-11-03,Sweden,Diving,Judge
AZMY Mohamed,AZMY M,Male,1980-07-12,Egypt,Taekwondo,Referee
AZORIN Daniel,AZORIN D,Male,1961-06-25,France,Diving,Judge
AZZOUG Mohamed,AZZOUG M,Male,1959-04-19,Algeria,Judo,Judge
BABANLI Anar,BABANLI A,Male,1979-09-30,Azerbaijan,Boxing,Judge
BABIUC Ioana,BABIUC I,Female,1975-01-07,Romania,Judo,Judge
BACK Neuza,BACK N,Female,1984-08-11,Brazil,Football,Assistant Referee
BAKE Giovanni,BAKE G,Male,1975-10-21,South Africa,Beach Volleyball,Referee
BALDE Alpha Amadou,BALDE AA,Male,1983-03-09,Guinea,Boxing,Judge
BALFANBAYEV Alan,BALFANBAYEV A,Male,1964-07-19,Kazakhstan,Diving,Judge
BAPTISTA Luis,BAPTISTA L,Male,1960-11-30,Portugal,Diving,Judge
BAPTISTA Luis,BAPTISTA L,Male,1960-11-30,Portugal,Water Polo,Judge
BARBOSA Rui,BARBOSA R,Male,1974-08-01,Portugal,Football,Assistant Referee
BARGAILA Deividas,BARGAILA D,Male,1977-10-15,Lithuania,Wrestling,Judge
BARRIENTOS MARTINEZ Alejandro,BARRIENTOS MARTIN.,Male,1971-09-20,Cuba,Boxing,Judge
BARTON Ivan,BARTON I,Male,1991-01-27,El Salvador,Football,Referee
BASHEV Mihail,BASHEV M,Male,1984-12-08,Bulgaria,Handball,Referee
BATAILLE Matthieu,BATAILLE M,Male,1978-07-26,France,Judo,Judge
BAZULIN Aleksei,BAZULIN A,Male,1978-04-09,Russian Federation,Wrestling,Judge
BEATH Chris,BEATH C,Male,1984-11-17,Australia,Football,Referee
BEATIE Brig,BEATIE B,Male,1970-08-11,United States of America,Beach Volleyball,Referee
BEBIC Milivoj,BEBIC M,Male,1959-08-29,Croatia,Diving,Judge
BECK Melanie,BECK M,Female,1965-06-25,Great Britain,Diving,Judge
BECK Melanie,BECK M,Female,1965-06-25,Great Britain,Water Polo,Judge
BEECH Paul,BEECH P,Male,1982-02-27,Australia,Diving,Judge
BEIDA Dahane,BEIDA D,Male,1991-12-31,Mauritania,Football,Referee
BEKPENBETOV Bakytzhan,BEKPENBETOV B,Male,1972-09-02,Kazakhstan,Boxing,Judge
BELKHIRI Youcef,BELKHIRI Y,Male,1991-07-25,Algeria,Handball,Referee
BENGISUN Gonenc,BENGISUN G,Male,1988-08-24,Turkey,Beach Volleyball,Referee
BENGISUN Gonenc,BENGISUN G,Male,1988-08-24,Turkey,Volleyball,Referee
BENNETT John,BENNETT J,Male,1974-05-14,Australia,Beach Volleyball,Referee
BEREZKINA Tatiana,BEREZKINA T,Female,1987-07-15,Russian Federation,Handball,Referee
BESMI Mohamed,BESMI M,Male,1962-02-19,Algeria,Boxing,Judge
BILBAO Maria,BILBAO M,Female,1954-07-12,Spain,Diving,Judge
BILBAO Maria,BILBAO M,Female,1954-07-12,Spain,Water Polo,Judge
BILETSKYI Igor,BILETSKYI I,Male,1960-08-04,Ukraine,Boxing,Judge
BIN JAHARI Muhammad,BIN JAHARI M,Male,1986-10-25,Singapore,Football,Video Assistant Referee (VAR)
BIRD Daphne,BIRD D,Female,1948-08-02,South Africa,Diving,Judge
BIRD Daphne,BIRD D,Female,1948-08-02,South Africa,Water Polo,Judge
BLANCO Mary,BLANCO M,Female,1984-12-08,Colombia,Football,Assistant Referee
BOCK Stephen,BOCK S,Male,1984-05-16,United States of America,Beach Volleyball,Referee
BOELAERT Federico,BOELAERT F,Male,1977-02-19,Argentina,Basketball,Jury Member
BOGOMILOVA Tanya,BOGOMILOVA T,Female,1964-06-30,Bulgaria,Diving,Judge
BOGOMILOVA Tanya,BOGOMILOVA T,Female,1964-06-30,Bulgaria,Water Polo,Judge
BONAVENTURA Charlotte,BONAVENTURA C,Female,1980-08-02,France,Handball,Referee
BONAVENTURA Julie,BONAVENTURA J,Female,1980-08-02,France,Handball,Referee
BORJANOVIC Borislav,BORJANOVIC B,Male,1981-05-23,Serbia,Wrestling,Judge
BORJAS Melissa,BORJAS M,Female,1986-10-20,Honduras,Football,Referee
BOUAZIZ Youssef,BOUAZIZ Y,Male,1991-12-21,Tunisia,Wrestling,Judge
BOUDAYA Taoufik,BOUDAYA T,Male,1962-04-15,Tunisia,Volleyball,Referee
BOUDOUA Mahmoud,BOUDOUA M,Male,1956-11-27,Algeria,Boxing,Judge
BOUDREAU Chantal,BOUDREAU C,Female,1989-01-20,Canada,Football,Assistant Referee
BOUHEDDOU Mohamed,BOUHEDDOU M,Male,1967-04-18,France,Judo,Judge
BOYD DIAZ Susana,BOYD DIAZ S,Female,1989-06-22,Panama,Taekwondo,Referee
BOYD Kevin,BOYD K,Male,1966-06-23,Great Britain,Diving,Judge
BOYD Kevin,BOYD K,Male,1966-06-23,Great Britain,Water Polo,Judge
BOZONO Makoto,BOZONO M,Female,1980-08-05,Japan,Football,Assistant Referee
BRAHAM Mohamed,BRAHAM M,Male,1955-10-09,Tunisia,Boxing,Judge
BRENSCHEIDT Wolfgang,BRENSCHEIDT W,Male,1964-01-30,Germany,Basketball,Jury Member
BROCHERO Monica,BROCHERO M,Female,1957-08-18,Argentina,Diving,Judge
BROOKER Eric,BROOKER E,Male,1960-03-26,Australia,Diving,Judge
BROOKER Eric,BROOKER E,Male,1960-03-26,Australia,Water Polo,Judge
BROOKER Gillian,BROOKER G,Female,1962-04-25,Australia,Diving,Judge
BRUNNER Arthur,BRUNNER A,Male,1991-10-05,Switzerland,Handball,Referee
BRUSNIKINA Olga,BRUSNIKINA O,Female,1978-11-09,ROC,Diving,Judge
BRUSNIKINA Olga,BRUSNIKINA O,Female,1978-11-09,ROC,Water Polo,Judge
BTGEN Abdulkadir,BTGEN A,Male,1984-02-06,Turkey,Football,Video Assistant Referee (VAR)
BUCH Xevi,BUCH X,Male,1971-09-25,Spain,Water Polo,Referee
BURTON Nick,BURTON N,Male,1968-04-22,Great Britain,Equestrian,Jury President
BUTLER Deanne,BUTLER D,Female,1981-08-11,Australia,Basketball,Jury Member
CALDERON RODRIGUEZ Felix,CALDERON RODRIGUEZ,Male,1968-11-30,United States of America,Diving,Judge
CALDERON RODRIGUEZ Felix,CALDERON RODRIGUEZ,Male,1968-11-30,United States of America,Water Polo,Judge
CAMACHO Raul,CAMACHO R,Male,1967-04-03,Spain,Judo,Judge
CAMERON Don,CAMERON D,Male,1954-05-02,Australia,Diving,Judge
CAMPBELL Beau,CAMPBELL B,Male,1972-10-15,United States of America,Boxing,Judge
CARREL Larry,CARREL L,Male,1989-10-31,Switzerland,Volleyball,Referee
CARVALHO Rui,CARVALHO R,Male,1976-05-01,Portugal,Beach Volleyball,Referee
CASAMIQUELA Hernan,CASAMIQUELA H,Male,1965-01-23,Argentina,Volleyball,Referee
CASANOVA Jose,CASANOVA J,Male,1957-03-11,Portugal,Beach Volleyball,Referee
CASSIDY Sid,CASSIDY S,Male,1957-02-09,United States of America,Diving,Judge
CASSIDY Sid,CASSIDY S,Male,1957-02-09,United States of America,Water Polo,Judge
CASTILLO Cesar,CASTILLO C,Male,1973-11-29,Italy,Handball,Referee
CASTRO Antonio,CASTRO A,Male,1968-10-19,Cuba,Judo,Judge
CAUDILLO Enedina,CAUDILLO E,Female,1984-10-08,Mexico,Football,Assistant Referee
CAULFIELD Andrew,CAULFIELD A,Male,1966-05-20,Great Britain,Boxing,Judge
CESPEDES Denny,CESPEDES D,Male,1969-03-29,Dominican Republic,Volleyball,Referee
CHAVEZ Mayte,CHAVEZ M,Female,1979-08-26,Mexico,Football,Assistant Referee
CHEN Ruolin,CHEN R,Female,1992-12-12,People's Republic of China,Diving,Judge
CHEN Ruolin,CHEN R,Female,1992-12-12,People's Republic of China,Water Polo,Judge
CHENG Jeremy,CHENG J,Male,1971-03-05,Singapore,Water Polo,Referee
CHERUIYOT Gilbert,CHERUIYOT G,Male,1984-07-10,Kenya,Football,Assistant Referee
CHIBA Yuji,CHIBA Y,Male,1962-09-17,Japan,Wrestling,Judge
CHIRIFF FABRA Diego,CHIRIFF FABRA D,Male,1975-01-14,Uruguay,Taekwondo,Referee
CHISARI Francesco,CHISARI F,Male,1980-09-26,Italy,Taekwondo,Referee
CHISHINA Yoichi,CHISHINA Y,Male,1978-04-11,Japan,Judo,Judge
CHO Jung Sook,CHO JS,Female,1976-12-08,Republic of Korea,Boxing,Judge
CHOUCHA Ksenia,CHOUCHA K,Female,1981-09-23,Belarus,Taekwondo,Referee
CHRISTIE Helen,CHRISTIE H,Female,1960-10-10,New Zealand,Equestrian,Chief Steward
CHRISTOU Danae,CHRISTOU D,Female,1957-08-23,Egypt,Diving,Judge
CHRISTOU Danae,CHRISTOU D,Female,1957-08-23,Egypt,Water Polo,Judge
CHURCH Amber,CHURCH A,Female,1987-12-22,New Zealand,Hockey,Umpire
CHYURLIA Pasquale,CHYURLIA P,Male,1953-07-31,Italy,Judo,Judge
CHYURLIA Roberta,CHYURLIA R,Female,1979-03-17,Italy,Judo,Judge
CITO Angelo,CITO A,Male,1966-02-09,Italy,Taekwondo,Referee
CLAPHAM Richard,CLAPHAM R,Male,1964-03-14,Great Britain,Equestrian,Jury Member
COBZAC Ramona Manuela,COBZAC RM,Female,1979-07-04,Romania,Boxing,Judge
COLLADOS Fabrice,COLLADOS F,Male,1967-05-20,France,Volleyball,Referee
CONGER Matt,CONGER M,Male,1978-10-11,New Zealand,Football,Referee
CRESCENTINI Davide,CRESCENTINI D,Male,1981-11-03,Italy,Beach Volleyball,Referee
CRKVENAC Renata,CRKVENAC R,Female,1977-02-14,Croatia,Taekwondo,Referee
CROES Esther,CROES E,Female,1966-07-28,Netherlands,Diving,Judge
CROES Esther,CROES E,Female,1966-07-28,Netherlands,Water Polo,Judge
CROWLEY Nadine,CROWLEY N,Female,1964-12-09,Canada,Basketball,Jury Member
CRUZ Orlando,CRUZ O,Male,1977-11-10,Dominican Republic,Judo,Judge
CSOSZ Imre,CSOSZ I,Male,1969-05-31,Hungary,Judo,Judge
CUADRA Guillermo,CUADRA G,Male,1984-04-25,Spain,Football,Video Assistant Referee (VAR)
CUNHA Andres,CUNHA A,Male,1976-09-08,Uruguay,Football,Video Assistant Referee (VAR)
D GAMA Leonardo Daniel Oliver,D GAMA LDO,Male,1953-11-06,India,Boxing,Judge
da SILVA Fatima,da SILVA F,Female,1967-03-21,Brazil,Basketball,Jury Member
DAHLE Geir,DAHLE G,Male,1957-04-16,Norway,Beach Volleyball,Referee
DAMIENS Serge,DAMIENS S,Male,1962-07-27,France,Wrestling,Judge
DANERS CHAO Daniel Federico,DANERS CHAO D,Male,1965-07-01,Uruguay,Water Polo,Referee
de ALMEIDA Mariana,de ALMEIDA M,Female,1982-09-14,Argentina,Football,Assistant Referee
de la FUENTE Carolina,de la FUENTE C,Female,1973-10-27,Argentina,Hockey,Umpire
de RENZIS Laura,de RENZIS L,Female,1962-11-14,Italy,Diving,Judge
de RENZIS Laura,de RENZIS L,Female,1962-11-14,Italy,Water Polo,Judge
DEDIEU Virginie,DEDIEU V,Female,1979-02-25,France,Diving,Judge
DEDIEU Virginie,DEDIEU V,Female,1979-02-25,France,Water Polo,Judge
DELFORGE Laurine,DELFORGE L,Female,1990-07-18,Belgium,Hockey,Umpire
DERVIEUX Sebastien,DERVIEUX S,Male,1978-05-30,France,Water Polo,Referee
DESLIERES Marie-Claude,DESLIERES M,Female,1966-04-01,Canada,Water Polo,Referee
di GRAZIA Derek,di GRAZIA D,Male,1955-10-07,United States of America,Equestrian,Course Designer
DIAS Artur,DIAS A,Male,1979-07-14,Portugal,Football,Referee
DIBIASI Klaus,DIBIASI K,Male,1947-10-06,Italy,Water Polo,Judge
DJIMBI Jean Claude,DJIMBI JC,Male,1971-07-08,Gabon,Judo,Judge
DJLASSI Anouer,DJLASSI A,Male,1980-11-24,Tunisia,Taekwondo,Referee
DOBA Yoshihisa,DOBA Y,Male,1958-05-07,Japan,Judo,Judge
DOI Katsuya,DOI K,Male,1976-12-26,Japan,Wrestling,Judge
DOKMANAC Slaven,DOKMANAC S,Male,1985-03-12,Serbia,Wrestling,Judge
dos SANTOS Mariano,dos SANTOS M,Male,1971-06-19,Brazil,Judo,Judge
DOZSA Edit,DOZSA E,Female,1970-11-23,Italy,Wrestling,Judge
DR. MOLNAR Tamas,DR. MOLNAR T,Male,1975-08-02,Hungary,Diving,Judge
DRAGIN Dejan,DRAGIN D,Male,1981-10-29,Serbia,Wrestling,Judge
DRAKICH Ed,DRAKICH E,Male,1962-09-30,Canada,Beach Volleyball,Referee
DROSGHIC MENDOZA Luis,DROSGHIC MENDOZA L,Male,1974-03-15,Brazil,Taekwondo,Referee
EL HILALI Driss,EL HILALI D,Male,1961-07-19,Morocco,Taekwondo,Referee
ELFATH Ismail,ELFATH I,Male,1982-03-03,United States of America,Football,Referee
ELSAIED Heidy,ELSAIED H,Female,1996-10-22,Egypt,Handball,Referee
ELSAIED Yasmina,ELSAIED Y,Female,1995-01-22,Egypt,Handball,Referee
ENDO Harue,ENDO H,Female,1957-07-31,Japan,Volleyball,Referee
ESHITA Takeshi,ESHITA T,Male,1968-04-18,Japan,Volleyball,Referee
ETO Yukie,ETO Y,Female,1977-05-17,Japan,Volleyball,Referee
EVERAERT Michel,EVERAERT M,Male,1963-04-21,Netherlands,Beach Volleyball,Referee
FANCHETTE Paul,FANCHETTE P,Male,1965-12-21,Seychelles,Diving,Judge
FANCHETTE Paul,FANCHETTE P,Male,1965-12-21,Seychelles,Water Polo,Judge
FANDO Artur,FANDO A,Male,1973-09-30,Belarus,Judo,Judge
FAYZULLAEVA Elmira,FAYZULLAEVA E,Female,1964-08-13,Uzbekistan,Diving,Judge
FAYZULLAEVA Elmira,FAYZULLAEVA E,Female,1964-08-13,Uzbekistan,Water Polo,Judge
FEOKTISTOV Eduard,FEOKTISTOV E,Male,1976-08-26,Russian Federation,Diving,Judge
FERNANDEZ Erika,FERNANDEZ E,Female,1979-01-16,Mexico,Equestrian,Jury Member
FERRO Mario,FERRO M,Male,1966-10-26,Brazil,Beach Volleyball,Referee
FISCHER Angelika,FISCHER A,Female,1954-01-18,Germany,Boxing,Judge
FISCHER Matthias,FISCHER M,Male,1973-02-07,Germany,Judo,Judge
FLORESCU Victor,FLORESCU V,Male,1973-10-05,Romania,Judo,Judge
FLORESTANO Natacha,FLORESTANO N,Female,1974-09-01,Brazil,Water Polo,Judge
FONSECA Ricardo,FONSECA R,Male,1981-08-13,Portugal,Handball,Referee
FORD Bill,FORD B,Male,1952-10-08,Australia,Diving,Judge
FORD Bill,FORD B,Male,1952-10-08,Australia,Water Polo,Judge
FORE Liselotte,FORE L,Female,1944-12-19,United States of America,Equestrian,Jury Member
FORTUNATO Laura,FORTUNATO L,Female,1985-05-31,Argentina,Football,Referee
FOY Janet,FOY J,Female,1952-04-26,United States of America,Equestrian,Jury Member
FRANZEN Rudiger,FRANZEN R,Male,1967-04-28,Germany,Beach Volleyball,Referee
FRAPPART Stephanie,FRAPPART S,Female,1983-12-14,France,Football,Referee
FRASER Lindsey Ann,FRASER LA,Female,1958-01-24,Great Britain,Diving,Judge
FRATINI Elisabetta,FRATINI E,Female,1965-02-26,Italy,Judo,Judge
FRIDRICH Annamaria,FRIDRICH A,Female,1973-06-29,Hungary,Judo,Judge
FU Ming,FU M,Male,1983-01-05,People's Republic of China,Football,Video Assistant Referee (VAR)
FUJII Yuki,FUJII Y,Male,1985-08-06,Japan,Volleyball,Referee
FUJIMOTO Seiji,FUJIMOTO S,Male,1963-09-06,Japan,Boxing,Judge
FUJITA Hiroki,FUJITA H,Male,1958-09-17,Japan,Beach Volleyball,Referee
FUKUCHI Kenshiro,FUKUCHI K,Male,1973-05-26,Japan,Judo,Judge
FUKUDA Takamasa,FUKUDA T,Male,1975-06-26,Japan,Beach Volleyball,Referee
FUKUOKA Yoshiteru,FUKUOKA Y,Male,1977-11-11,Japan,Beach Volleyball,Referee
FUKUSHIMA Ryoichi,FUKUSHIMA R,Male,1971-12-12,Japan,Handball,Referee
FURUKAWA Hideki,FURUKAWA H,Male,1991-10-08,Japan,Handball,Referee
FURUSATO Airi,FURUSATO A,Female,1982-08-02,Japan,Wrestling,Judge
FURUTA Norimi,FURUTA N,Female,1956-03-09,Japan,Volleyball,Referee
FYRIGOU CONSOLO Georgia,FYRIGOU CONSOLO G,Female,1966-01-16,Greece,Diving,Judge
FYRIGOU CONSOLO Georgia,FYRIGOU CONSOLO G,Female,1966-01-16,Greece,Water Polo,Judge
GAJA Masaaki,GAJA M,Male,1971-11-18,Japan,Beach Volleyball,Referee
GALLO Nicolas,GALLO N,Male,1986-08-09,Colombia,Football,Video Assistant Referee (VAR)
GARCIA Carlos,GARCIA C,Male,1977-01-11,Spain,Wrestling,Judge
GARCIA Everardo,GARCIA E,Male,1970-05-27,Mexico,Judo,Judge
GARCIA Mariana,GARCIA M,Female,1991-05-17,Argentina,Handball,Referee
GARDNER Andrew,GARDNER A,Male,1962-12-17,Great Britain,Equestrian,Jury Member
GEILFUS Joachim,GEILFUS J,Male,1960-01-06,Germany,Equestrian,Jury Member
GERRARD David,GERRARD D,Male,1945-04-03,New Zealand,Diving,Judge
GERRARD David,GERRARD D,Male,1945-04-03,New Zealand,Water Polo,Judge
GIBBS Martin,GIBBS M,Male,1965-10-05,France,Equestrian,Jury Member
GIDDENS Maggie,GIDDENS M,Female,1983-11-10,United States of America,Hockey,Umpire
GOLDENBERG Michael,GOLDENBERG M,Male,1963-01-03,United States of America,Water Polo,Referee
GOLOVAN Anatoliy,GOLOVAN A,Male,1965-12-22,Ukraine,Diving,Judge
GOLUBIC Jasna,GOLUBIC J,Female,1986-01-31,Slovenia,Taekwondo,Referee
GOMES Victor,GOMES V,Male,1982-12-15,South Africa,Football,Referee
GOMEZ Monica,GOMEZ M,Female,1972-01-03,Mexico,Equestrian,Chief Steward
GONCALVES Eduardo,GONCALVES E,Male,1975-10-25,Brazil,Wrestling,Judge
GONTGEN Benjamin,GONTGEN B,Male,1984-01-26,Germany,Hockey,Umpire
GONZALEZ CANCINO Dania,GONZALEZ CANCINO D,Female,1980-12-29,Chile,Taekwondo,Referee
GONZALEZ Leodan,GONZALEZ L,Male,1983-03-11,Uruguay,Football,Referee
GOTO Tomoko,GOTO T,Female,1987-05-25,Japan,Handball,Referee
GOYA Kazuki,GOYA K,Male,1986-07-28,Japan,Beach Volleyball,Referee
GRBIC Vladi,GRBIC V,Male,1970-12-14,Serbia,Volleyball,Referee
GREETHAM Sam,GREETHAM S,Male,1944-03-29,Great Britain,Diving,Judge
GREETHAM Sam,GREETHAM S,Male,1944-03-29,Great Britain,Water Polo,Judge
GRINFEELD Orel,GRINFEELD O,Male,1981-08-21,Israel,Football,Referee
GROCHAL Marcin,GROCHAL M,Male,1984-03-07,Poland,Hockey,Umpire
GUBICA Matija,GUBICA M,Male,1980-07-03,Croatia,Handball,Referee
GUIDA Marco,GUIDA M,Male,1981-06-07,Italy,Football,Video Assistant Referee (VAR)
GULAMOV Tokhir,GULAMOV T,Male,1961-10-03,Uzbekistan,Wrestling,Judge
GUO Jingjing,GUO J,Female,1981-10-15,"Hong Kong, China",Diving,Judge
GUO Jingjing,GUO J,Female,1981-10-15,"Hong Kong, China",Water Polo,Judge
GUT la RAGIONE Livia,GUT la RAGIONE L,Female,1954-12-13,Switzerland,Diving,Judge
GUT la RAGIONE Livia,GUT la RAGIONE L,Female,1954-12-13,Switzerland,Water Polo,Judge
GYARMATI Ferenc,GYARMATI F,Male,1974-05-06,Romania,Wrestling,Judge
GYOTEN Takeshi,GYOTEN T,Male,1980-08-03,Japan,Beach Volleyball,Referee
HALANDA Lubor,HALANDA L,Male,1954-08-30,Slovakia,Volleyball,Referee
HALAWA Sherif,HALAWA S,Male,1982-01-28,Egypt,Wrestling,Judge
HAMADA Hirokazu,HAMADA H,Male,1962-02-04,Japan,Handball,Referee
HAMANO Yoichi,HAMANO Y,Male,1975-07-09,Japan,Beach Volleyball,Referee
HAMIDI Sid Ali,HAMIDI SA,Male,1990-07-07,Algeria,Handball,Referee
HAMLIN Jane,HAMLIN J,Female,1956-02-07,United States of America,Equestrian,Jury Member
HANSEN Mads,HANSEN M,Male,1977-05-28,Denmark,Handball,Referee
HARA Yoshihiko,HARA Y,Male,1964-02-11,Japan,Wrestling,Judge
HASSAN Mohamed,HASSAN M,Male,1977-08-17,Egypt,Diving,Judge
HASSAN Roy,HASSAN R,Male,1982-08-31,Israel,Football,Assistant Referee
HATANO Yohsuke,HATANO Y,Male,1989-03-29,Japan,Beach Volleyball,Referee
HATAOKA Hisashi,HATAOKA H,Male,1962-08-14,Japan,Diving,Judge
HAYASHI Junichi,HAYASHI J,Male,1978-06-19,Japan,Volleyball,Referee
HERNEK Maria,HERNEK M,Female,1961-08-31,Sweden,Equestrian,Chief Steward
HIGUCHI Satoshi,HIGUCHI S,Male,1984-04-10,Japan,Handball,Referee
HIMENO Masayuki,HIMENO M,Male,1978-05-25,Japan,Volleyball,Referee
HIRAHARA Mitsuo,HIRAHARA M,Male,1982-08-31,Japan,Taekwondo,Referee
HIRAIZUMI Jun,HIRAIZUMI J,Male,1978-11-17,Japan,Volleyball,Referee
HIRAYAMA Kazuya,HIRAYAMA K,Male,1958-02-03,Japan,Equestrian,Jury Member
HIRAYAMA Noriaki,HIRAYAMA N,Male,1968-01-07,Japan,Boxing,Judge
HIZAKI Kiyoshi,HIZAKI K,Male,1978-09-11,Japan,Handball,Referee
HOBERG Oliver,HOBERG O,Male,1966-12-14,Germany,Equestrian,Jury Member
HOEPELMAN Ilja,HOEPELMAN I,Male,1955-03-26,Netherlands,Diving,Judge
HOEPPE Fabien,HOEPPE F,Male,1980-03-07,France,Basketball,Jury Member
HOEVENAARS Susan,HOEVENAARS S,Female,1949-11-06,Australia,Equestrian,Jury Member
HOMMA Miwako,HOMMA M,Female,1960-12-21,Japan,Diving,Judge
HOMMA Miwako,HOMMA M,Female,1960-12-21,Japan,Water Polo,Judge
HONDA Tsutomu,HONDA T,Male,1969-07-02,Japan,Taekwondo,Referee
HORACEK Vaclav,HORACEK V,Male,1978-01-30,Czech Republic,Handball,Referee
HORIE Koji,HORIE K,Male,1998-03-27,Japan,Volleyball,Referee
HORII Emiko,HORII E,Female,1969-09-13,Japan,Volleyball,Referee
HOSAKA Kazuya,HOSAKA K,Male,1983-07-01,Japan,Wrestling,Judge
HUCKINS Lesley,HUCKINS L,Female,1951-04-02,New Zealand,Diving,Judge
HUCKINS Lesley,HUCKINS L,Female,1951-04-02,New Zealand,Water Polo,Judge
HUDSON Kelly,HUDSON K,Female,1981-07-02,New Zealand,Hockey,Umpire
HUET Michel,HUET M,Male,1953-08-08,France,Judo,Judge
HUFFMAN Colleen,HUFFMAN C,Female,1965-04-07,United States of America,Diving,Judge
HUFFMAN Colleen,HUFFMAN C,Female,1965-04-07,United States of America,Water Polo,Judge
HUNT David,HUNT D,Male,1947-04-24,Great Britain,Equestrian,Jury Member
HUNT Patrick,HUNT P,Male,1953-03-07,Australia,Basketball,Jury Member
HUNTER Craig,HUNTER C,Male,1961-01-16,Great Britain,Diving,Judge
HUNTER Craig,HUNTER C,Male,1961-01-16,Great Britain,Water Polo,Judge
HYUN Sook Hee,HYUN SH,Female,1973-03-03,Republic of Korea,Judo,Judge
IBERN Manuel,IBERN M,Male,1946-08-21,Spain,Diving,Judge
IBRAHIM Mohammed,IBRAHIM M,Male,1986-01-30,Sudan,Football,Assistant Referee
ICHIHASHI Toshiyuki,ICHIHASHI T,Male,1968-07-07,Japan,Wrestling,Judge
ICHIMURA Shiro,ICHIMURA S,Male,1972-04-10,Japan,Handball,Referee
IDRIS Yasser Mohamed Ibrahim,IDRIS YMI,Male,1969-06-15,Egypt,Diving,Judge
IJICHI Ken,IJICHI K,Male,1967-05-27,Japan,Diving,Judge
IKEBUCHI Tomokazu,IKEBUCHI T,Male,1977-10-12,Japan,Handball,Referee
IMAIZUMI Seisuke,IMAIZUMI S,Male,1969-12-30,Japan,Wrestling,Judge
IMAIZUMI Takayuki,IMAIZUMI T,Male,1979-11-16,Japan,Beach Volleyball,Referee
IMANO Katsuya,IMANO K,Male,1996-09-21,Japan,Handball,Referee
IMURA Koji,IMURA K,Male,1965-06-20,Japan,Volleyball,Referee
INOUE Takeshi,INOUE T,Male,1965-12-21,United States of America,Diving,Judge
ISHIDA Keizo,ISHIDA K,Male,1986-11-29,Japan,Handball,Referee
ISHIHARA Norikazu,ISHIHARA N,Male,1973-08-30,Japan,Taekwondo,Referee
ISHIMOTO Masashi,ISHIMOTO M,Male,1986-06-13,Japan,Judo,Judge
ISHIYAMA Takahide,ISHIYAMA T,Male,1984-04-08,Japan,Judo,Judge
ISLEY Nelson,ISLEY N,Male,1948-02-02,United States of America,Basketball,Jury Member
ISMAEL Hadi,ISMAEL H,Male,1975-04-25,Iraq,Wrestling,Judge
ITO Natsumi,ITO N,Female,1991-07-04,Japan,Volleyball,Referee
IVANOVSKI Stanko,IVANOVSKI S,Male,1981-08-16,Montenegro,Water Polo,Referee
IVERSEN Jens-Christian,IVERSEN JC,Male,1961-10-13,Denmark,Diving,Judge
IVERSEN Jens-Christian,IVERSEN J,Male,1961-10-13,Denmark,Water Polo,Judge
IWAMURA Hide,IWAMURA H,Male,1966-12-15,Japan,Judo,Judge
IWATA Chie,IWATA C,Female,1982-07-11,Japan,Judo,Judge
IZAWA Jun,IZAWA J,Male,1967-07-14,Japan,Beach Volleyball,Referee
JACEWICZ Kate,JACEWICZ K,Female,1985-04-06,Australia,Football,Referee
JASONTEK Ginny,JASONTEK G,Female,1945-01-08,United States of America,Diving,Judge
JASONTEK Ginny,JASONTEK G,Female,1945-01-08,United States of America,Water Polo,Judge
JENKINS Conrad,JENKINS C,Male,1969-11-22,Jamaica,Taekwondo,Referee
JIGEN Masahiro,JIGEN M,Male,1973-01-22,Japan,Volleyball,Referee
JIMENEZ CALDERON Cecilia,JIMENEZ CALDERON C,Female,1973-12-17,Bolivia,Taekwondo,Referee
JOHNSON Nicola,JOHNSON N,Female,1971-09-13,Australia,Water Polo,Referee
JOUBERT Michelle,JOUBERT M,Female,1979-11-28,South Africa,Hockey,Umpire
JOVANOVIC Srdjan,JOVANOVIC S,Male,1986-04-09,Serbia,Football,Referee
JULIAN JR Samuel,JULIAN JR S,Male,1985-07-16,United States of America,Wrestling,Judge
JULIEN Chantal,JULIEN C,Female,1964-11-13,France,Basketball,Jury Member
JUMANIYAZOV Bahodir,JUMANIYAZOV B,Male,1964-11-03,Uzbekistan,Boxing,Judge
JUNGEBRAND Carl,JUNGEBRAND C,Male,1964-10-01,Finland,Basketball,Jury Member
JURISEVIC Edvin,JURISEVIC E,Male,1975-06-07,United States of America,Football,Video Assistant Referee (VAR)
KABAKOV Georgi,KABAKOV G,Male,1986-02-22,Bulgaria,Football,Referee
KADONO Makoto,KADONO M,Male,1973-12-24,Japan,Taekwondo,Referee
KAEDE Junichiro,KAEDE J,Male,1980-07-24,Japan,Volleyball,Referee
KAMAGA Takahiro,KAMAGA T,Male,1996-08-01,Japan,Handball,Referee
KAMOHARA Koichi,KAMOHARA K,Male,1977-10-07,Japan,Judo,Judge
KANEHIRO Yusuke,KANEHIRO Y,Male,1988-10-05,Japan,Volleyball,Referee
KANEI Masanori,KANEI M,Male,1966-10-26,Japan,Wrestling,Judge
KANG Joo-Hee,KANG JH,Female,1971-05-25,Republic of Korea,Volleyball,Referee
KARINKANTA Veli-Matti,KARINKANTA VM,Male,1972-09-13,Finland,Judo,Judge
KASHIWAGI Katsunori,KASHIWAGI K,Male,1962-04-03,Japan,Boxing,Judge
KATO Tsubasa,KATO T,Male,1994-09-08,Japan,Volleyball,Referee
KATSUMATA Reiko,KATSUMATA R,Female,1983-06-10,Japan,Volleyball,Referee
KATSUMATA Teizo,KATSUMATA T,Male,1988-05-22,Japan,Volleyball,Referee
KAVAKLIEVA Mariya,KAVAKLIEVA M,Female,1976-11-22,Bulgaria,Boxing,Referee
KAWABATA Yuki,KAWABATA Y,Male,1979-01-09,Japan,Handball,Referee
KAWAGUCHI Takao,KAWAGUCHI T,Male,1950-04-13,Japan,Judo,Judge
KAWAI Kaori,KAWAI K,Female,1981-04-01,Japan,Beach Volleyball,Referee
KAWAMURA Rikuya,KAWAMURA R,Male,1997-11-03,Japan,Handball,Referee
KAZAMA Sho,KAZAMA S,Male,1988-12-11,Japan,Beach Volleyball,Referee
KEARNS Adam,KEARNS A,Male,1976-04-06,Australia,Hockey,Umpire
KELEMEN v.d. KONIJNENBURG Ildiko,KELEMEN van de KO.,Female,1962-11-19,Hungary,Diving,Judge
KELEMEN van de KONIJNENBU Ildiko,KELEMEN van de KON,Female,1962-11-19,Hungary,Water Polo,Judge
KEMAN Wim,KEMAN W,Male,1955-01-22,Netherlands,Diving,Judge
KESSLER Alise,KESSLER A,Female,1983-03-01,Latvia,Volleyball,Referee
KHAZHEMPA Siarhei,KHAZHEMPA S,Male,1956-05-11,Belarus,Diving,Judge
KHAZHEMPA Siarhei,KHAZHEMPA S,Male,1956-05-11,Belarus,Water Polo,Judge
KHEGAY Andrey,KHEGAY A,Male,1979-07-30,Russian Federation,Taekwondo,Referee
KHORASSANDJIAN Daniel,KHORASSANDJIAN D,Male,1978-08-17,Lebanon,Taekwondo,Referee
KIKUCHI Tomoo,KIKUCHI T,Male,1955-12-20,Japan,Handball,Referee
KIM Byung Hee,KIM BH,Female,1976-09-01,Republic of Korea,Taekwondo,Referee
KIM Kyoung Min,KIM K,Female,1980-04-21,Republic of Korea,Football,Assistant Referee
KIM Song Chul,KIM SC,Male,1968-03-03,Canada,Taekwondo,Referee
KIM Yongsung,KIM Y,Male,1973-08-25,Republic of Korea,Taekwondo,Referee
KIMURA Hiroyuki,KIMURA H,Male,1982-01-30,Japan,Football,Referee
KIMURA Satoshi,KIMURA S,Male,1963-05-02,Japan,Handball,Referee
KINOSHITA Asuka,KINOSHITA A,Female,1984-08-27,Japan,Taekwondo,Referee
KIRIYAMA Masami,KIRIYAMA M,Female,1976-05-19,Japan,Volleyball,Referee
KITAMURA Yuka,KITAMURA Y,Female,1966-04-02,Japan,Volleyball,Referee
KITASAKA Hideki,KITASAKA H,Male,1986-08-11,Japan,Handball,Referee
KLINGSPOR Christina,KLINGSPOR C,Female,1963-02-12,Sweden,Equestrian,Jury Member
KLOPPERS Mary,KLOPPERS M,Female,1969-03-05,Zimbabwe,Diving,Judge
KLOPPERS Mary,KLOPPERS M,Female,1969-03-05,Zimbabwe,Water Polo,Judge
KOGANOV Mark,KOGANOV M,Male,1964-04-27,Azerbaijan,Diving,Judge
KOIKE Kuninori,KOIKE K,Male,1980-10-29,Japan,Wrestling,Judge
KOIKE Masahiko,KOIKE M,Male,1961-08-31,Japan,Judo,Judge
KOMATA Takahiro,KOMATA T,Male,1992-01-13,Japan,Handball,Referee
KONICKX Louis,KONICKX Louis,Male,1954-07-27,Netherlands,Equestrian,Technical Delegate
KOO Bonok,KOO B,Male,1986-05-28,Republic of Korea,Handball,Referee
KOPKE Susann,KOPKE S,Female,1983-02-11,Germany,Boxing,Judge
KOSAKA Yoshiyuki,KOSAKA Y,Male,1964-09-07,Japan,Judo,Judge
KOSUGI Daiki,KOSUGI D,Male,1999-07-14,Japan,Volleyball,Referee
KOTLEBA Lubomir,KOTLEBA L,Male,1946-03-31,Slovakia,Basketball,Jury Member
KOVALENKO Sergei,KOVALENKO S,Male,1976-05-25,Russian Federation,Wrestling,Judge
KOYAMA Masaaki,KOYAMA M,Male,1978-12-27,Japan,Beach Volleyball,Referee
KOZOMPOLI Stavroula,KOZOMPOLI S,Female,1974-01-14,Greece,Diving,Judge
KRAFT Heike,KRAFT H,Female,1964-10-09,Germany,Volleyball,Referee
KRICHEN Samir,KRICHEN S,Male,1976-03-05,Tunisia,Handball,Referee
KRIVOKAPIC Milorad,KRIVOKAPIC M,Male,1956-01-08,Serbia,Diving,Judge
KUBOTA Shinya,KUBOTA S,Male,1952-10-01,Japan,Wrestling,Judge
KUENG Susanne,KUENG S,Female,1988-03-19,Switzerland,Football,Assistant Referee
KUMAR Ashok,KUMAR A,Male,1967-04-10,India,Wrestling,Judge
KUN Gyorgy,KUN G,Male,1971-11-17,Hungary,Water Polo,Referee
KUN Igor,KUN I,Male,1991-01-18,Hungary,Judo,Judge
KURISAKI Shintaro,KURISAKI S,Male,1993-07-01,Japan,Beach Volleyball,Referee
KUROCHKINA Ekaterina,KUROCHKINA E,Female,1986-04-03,Russian Federation,Football,Assistant Referee
KURODA Ken,KURODA K,Male,1956-05-12,Japan,Diving,Judge
KURODA Mieko,KURODA M,Female,1966-02-16,Japan,Diving,Judge
KUROIWA Takeshi,KUROIWA T,Male,1978-03-31,Japan,Beach Volleyball,Referee
KURTAGIC Mirza,KURTAGIC M,Male,1984-05-20,Sweden,Handball,Referee
KUWABARA Takeshi,KUWABARA T,Male,1983-04-21,Japan,Taekwondo,Referee
KUWADA Yusei,KUWADA Y,Male,1993-09-20,Japan,Handball,Referee
KWIMBIRA Bernadettar,KWIMBIRA B,Female,1981-09-11,Malawi,Football,Assistant Referee
LAH Bojan,LAH B,Male,1983-08-01,Slovenia,Handball,Referee
LAKRINDIS George,LAKRINDIS G,Male,1985-08-27,Australia,Football,Assistant Referee
LATIMER Simon James,LATIMER SJ,Male,1981-11-04,New Zealand,Diving,Judge
LATIMER Simon James,LATIMER S,Male,1981-11-04,New Zealand,Water Polo,Judge
LAUKKANEN Anna,LAUKKANEN A,Female,1982-12-18,Finland,Boxing,Judge
LEBKOWSKI Karol,LEBKOWSKI K,Male,1965-10-31,Poland,Wrestling,Judge
LEBLANC Louise,LEBLANC L,Female,1957-12-11,Canada,Diving,Judge
LEBLANC Louise,LEBLANC L,Female,1957-12-11,Canada,Water Polo,Judge
LEE Jeng Yen,LEE JY,Female,1982-10-03,Malaysia,Taekwondo,Referee
LEE Jiwoo,LEE J,Female,1979-01-01,Republic of Korea,Wrestling,Judge
LEE Seok,LEE S,Male,1985-04-20,Republic of Korea,Handball,Referee
LEE Seul Gi,LEE S,Female,1980-12-01,Republic of Korea,Football,Assistant Referee
LEE William,LEE W,Male,1964-05-15,Singapore,Diving,Judge
LEVAI Ksenija,LEVAI K,Female,1987-07-30,Serbia,Taekwondo,Referee
LIAKOS Christos,LIAKOS C,Male,1968-02-26,Greece,Wrestling,Judge
LIANG Yuan,LIANG Y,Female,1979-11-06,People's Republic of China,Boxing,Judge
LICINA Miodrag,LICINA M,Male,1964-09-04,Serbia,Basketball,Jury Member
LIGAY Igor,LIGAY I,Male,1985-09-07,Kazakhstan,Wrestling,Judge
LIM Hong Zhen,LIM HZ,Male,1985-09-24,Singapore,Hockey,Umpire
LINDBERG Mathz,LINDBERG M,Male,1951-03-11,Sweden,Diving,Judge
LINDBERG Mathz,LINDBERG M,Male,1951-03-11,Sweden,Water Polo,Judge
LIU Jiang,LIU J,Male,1970-07-10,People's Republic of China,Volleyball,Referee
LIU Xiaoying,LIU X,Female,1979-10-21,People's Republic of China,Hockey,Umpire
LIU Yan,LIU Y,Male,1963-05-20,People's Republic of China,Diving,Judge
LIU Yan,LIU Y,Male,1963-05-20,People's Republic of China,Water Polo,Judge
LUGOSSY Norbert,LUGOSSY N,Male,1969-10-22,Hungary,Basketball,Jury Member
LUIS Mireya,LUIS M,Female,1967-08-25,Cuba,Volleyball,Referee
MAAFI Ziad,MAAFI Z,Male,1975-07-25,Algeria,Judo,Judge
MACDIARMADA Diarmuid,MACDIARMADA D,Male,1966-10-01,Ireland,Boxing,Judge
MACIAS Luis Gerardo,MACIAS L,Male,1971-03-02,Mexico,Volleyball,Referee
MACKENZIE-HALL Neil,MACKENZIE-HALL N,Male,1969-03-11,New Zealand,Equestrian,Jury Member
MADDEN Martin,MADDEN M,Male,1977-02-11,Great Britain,Hockey,Umpire
MADSEN Jesper,MADSEN J,Male,1985-09-16,Denmark,Handball,Referee
MADU Ndidi,MADU N,Female,1988-08-19,Nigeria,Football,Referee
MAGNUSSON Christer,MAGNUSSON C,Male,1965-08-31,Sweden,Diving,Judge
MAGNUSSON Christer,MAGNUSSON C,Male,1965-08-31,Sweden,Water Polo,Judge
MAIER Yuri,MAIER Y,Male,1989-04-05,Argentina,Wrestling,Judge
MAKASINI Tevita,MAKASINI T,Male,1976-11-26,Tonga,Football,Assistant Referee
MAKHADMEH Adham,MAKHADMEH A,Male,1987-02-13,Jordan,Football,Referee
MAKHLOUF Samir,MAKHLOUF S,Male,1978-05-23,Tunisia,Handball,Referee
MAKSHANOV Evgeny,MAKSHANOV E,Male,1982-06-25,Russian Federation,Volleyball,Referee
MANSSON Jan-Anders,MANSSON JA,Male,1952-03-11,Sweden,Diving,Judge
MANSSON Jan-Anders,MANSSON J,Male,1952-03-11,Sweden,Water Polo,Judge
MANZ Uwe,MANZ U,Male,1964-04-08,Germany,Wrestling,Judge
MARENGULE Arsenio,MARENGULE A,Male,1986-06-30,Mozambique,Football,Assistant Referee
MARES Simon,MARES S,Male,1989-04-09,Slovenia,Judo,Judge
MARGARITOV Martin,MARGARITOV M,Male,1988-01-08,Bulgaria,Football,Assistant Referee
MARGOLIN Alexandr,MARGOLIN A,Male,1971-01-04,Kazakhstan,Water Polo,Video Assistant Referee
MARKOV Milen,MARKOV M,Male,1961-12-04,Bulgaria,Wrestling,Judge
MAROSZEK Wojciech,MAROSZEK W,Male,1974-02-03,Poland,Volleyball,Referee
MARTINS Tiago,MARTINS T,Male,1980-05-29,Portugal,Football,Video Assistant Referee (VAR)
MARUYAMA Hiroyuki,MARUYAMA H,Male,1980-10-04,Japan,Volleyball,Referee
MARUYAMA Yoshinari,MARUYAMA Y,Male,1981-01-31,Japan,Handball,Referee
MASAOKA Suguru,MASAOKA S,Male,1982-10-30,Japan,Volleyball,Referee
MASUDA Masashi,MASUDA M,Male,1975-10-08,Japan,Wrestling,Judge
MASUZAWA Kazumasa,MASUZAWA K,Male,1969-10-22,Japan,Boxing,Judge
MATSUI Isao,MATSUI I,Male,1956-08-28,Japan,Judo,Judge
MATSUMOTO Keita,MATSUMOTO K,Male,1996-10-06,Japan,Handball,Referee
MATSUNO Terumi,MATSUNO T,Female,1972-03-23,Japan,Diving,Judge
MATSUOKA Keiichi,MATSUOKA K,Male,1984-07-05,Japan,Judo,Judge
MATTHIESEN Hans-Christian,MATTHIESEN HC,Male,1971-05-21,Denmark,Equestrian,Jury Member
Mc CLEAN Ayanna,Mc CLEAN A,Female,1982-08-18,Trinidad and Tobago,Hockey,Umpire
MEISTER Michelle,MEISTER M,Female,1978-09-04,Germany,Hockey,Umpire
MEJZLIK Jakub,MEJZLIK J,Male,1981-05-08,Czech Republic,Hockey,Umpire
MENCHAOUI Hichem,MENCHAOUI H,Male,1968-04-14,Tunisia,Boxing,Judge
MERIAUX Mathieu,MERIAUX M,Male,1981-11-02,France,Volleyball,Referee
MERKELY Bela Peter,MERKELY BP,Male,1966-06-28,Hungary,Diving,Judge
MERKELY Bela Peter,MERKELY B,Male,1966-06-28,Hungary,Water Polo,Judge
MEZIANI Nadira,MEZIANI N,Female,1971-09-23,Algeria,Taekwondo,Referee
MIHAJLOVIC Milan,MIHAJLOVIC M,Male,1978-08-14,Serbia,Football,Assistant Referee
MILAN PONCE Juan Ramon,MILAN PONCE JR,Male,1963-09-17,Cuba,Boxing,Judge
MILCZAREK Slawomir,MILCZAREK S,Male,1971-07-31,Poland,Boxing,Judge
MILLER Jim,MILLER J,Male,1950-08-19,United States of America,Diving,Judge
MILLER Jim,MILLER J,Male,1950-08-19,United States of America,Water Polo,Judge
MILLOT Benoit,MILLOT B,Male,1982-01-10,France,Football,Video Assistant Referee (VAR)
MILOSEVIC Boris,MILOSEVIC B,Male,1978-05-15,Croatia,Handball,Referee
MIN Suckhong,MIN S,Male,1971-06-15,Republic of Korea,Diving,Judge
MIRANDA Erick,MIRANDA E,Male,1982-03-30,Mexico,Football,Video Assistant Referee (VAR)
MIWA Kimimasa,MIWA K,Male,1982-08-25,Japan,Beach Volleyball,Referee
MIYAGAWA Fumiko,MIYAGAWA F,Female,1966-12-28,Japan,Beach Volleyball,Referee
MIYAMOTO Masafumi,MIYAMOTO M,Male,1997-11-03,Japan,Handball,Referee
MIZA Tsukasa,MIZA T,Female,1982-08-02,Japan,Volleyball,Referee
MIZUMA Emi,MIZUMA E,Female,1978-05-13,Japan,Volleyball,Referee
MOCHIZUKI Akihiko,MOCHIZUKI A,Male,1981-07-07,Japan,Beach Volleyball,Referee
MOHAMMED  Mushtaque,MOHAMMED  M,Male,1962-08-04,Trinidad and Tobago,Volleyball,Referee
MOKRETARI Sidali,MOKRETARI S,Male,1974-02-11,Algeria,Boxing,Judge
MOKRY Juraj,MOKRY J,Male,1975-04-24,Slovakia,Volleyball,Referee
MOLLER German,MOLLER G,Male,1978-01-23,Argentina,Water Polo,Referee
MOLNAR Szabolcs,MOLNAR S,Male,1973-06-26,Hungary,Wrestling,Judge
MONTEIRO Avelino,MONTEIRO A,Male,1972-11-17,Senegal,Diving,Judge
MONTEIRO Avelino,MONTEIRO A,Male,1972-11-17,Senegal,Water Polo,Judge
MONTES de OCA German,MONTES de OCA G,Male,1976-01-21,Argentina,Hockey,Umpire
MONZUL Kateryna,MONZUL K,Female,1981-07-05,Ukraine,Football,Referee
MORADI SHAHPAR Farhad,MORADI SHAHPAR F,Male,1969-10-20,Islamic Republic of Iran,Diving,Judge
MORADI SHAHPAR Farhad,MORADI SHAHPAR F,Male,1969-10-20,Islamic Republic of Iran,Water Polo,Judge
MORAN David,MORAN D,Male,1985-10-28,El Salvador,Football,Assistant Referee
MORAS Amely,MORAS A,Female,1986-08-31,United States of America,Taekwondo,Referee
MORENO Tulio,MORENO T,Male,1986-07-19,Venezuela,Football,Assistant Referee
MORI Ken,MORI K,Male,1965-04-22,Japan,Taekwondo,Referee
MORIMOTO Junichiro,MORIMOTO J,Male,1975-06-20,Japan,Beach Volleyball,Referee
MORISHITA Takafumi,MORISHITA T,Male,1984-08-18,Japan,Handball,Referee
MORIYAMA Mariko,MORIYAMA M,Female,1979-05-27,Japan,Volleyball,Referee
MORRISON Kim,MORRISON K,Female,1966-05-09,Canada,Equestrian,Jury Member
MOSALAEIPOUR Mohammad,MOSALAEIPOUR M,Male,1981-04-24,Islamic Republic of Iran,Wrestling,Judge
MOTODAHARA Akira,MOTODAHARA A,Male,1973-10-04,Japan,Wrestling,Judge
MUHIDDINOV Mansur,MUHIDDINOV M,Male,1977-01-30,Tajikistan,Boxing,Judge
MUKAI Mikihiro,MUKAI M,Male,1962-04-22,Japan,Judo,Judge
MUKANSANGA Salima,MUKANSANGA S,Female,1988-07-25,Rwanda,Football,Referee
MUNOZ Omar,MUNOZ O,Male,1978-07-22,Ecuador,Wrestling,Judge
MURADOV Abdullo,MURADOV A,Male,1988-04-12,Uzbekistan,Judo,Judge
MURAKAMI Haruhito,MURAKAMI H,Male,1971-01-17,Japan,Beach Volleyball,Referee
MURANAKA Shin,MURANAKA S,Male,1970-04-21,Japan,Volleyball,Referee
MURATA Tetsuro,MURATA T,Male,1994-08-14,Japan,Handball,Referee
MUSTACCHIO Andrew,MUSTACCHIO A,Male,1960-04-02,United States of America,Boxing,Judge
MYODO Maki,MYODO M,Female,1961-09-19,Japan,Diving,Judge
MYOI Sumie,MYOI S,Female,1973-01-17,Japan,Volleyball,Referee
NACHEVSKI Gjorgji,NACHEVSKI G,Male,1978-03-31,North Macedonia,Handball,Referee
NAGAI Yasuyuki,NAGAI Y,Male,1969-03-11,Japan,Wrestling,Judge
NAIDOO Jennifer,NAIDOO J,Female,1959-01-31,South Africa,Diving,Judge
NAIDOO Jennifer,NAIDOO J,Female,1959-01-31,South Africa,Water Polo,Judge
NAKAGAWA Emi,NAKAGAWA E,Female,1974-10-14,Japan,Boxing,Judge
NAKAGAWA Masaki,NAKAGAWA M,Male,1977-06-08,Japan,Volleyball,Referee
NAKAMURA Atsuko,NAKAMURA A,Female,1974-01-14,Japan,Judo,Judge
NAKANISHI Koji,NAKANISHI K,Male,1969-04-16,Japan,Volleyball,Referee
NAKATANI Nobuhiko,NAKATANI N,Male,1975-04-10,Japan,Taekwondo,Referee
NAKAYA Yuji,NAKAYA Y,Male,1971-11-22,Japan,Beach Volleyball,Referee
NAKAZATO Soya,NAKAZATO S,Male,1957-10-16,Japan,Judo,Judge
NAKLAM Karn,NAKLAM K,Male,1965-08-05,Thailand,Boxing,Judge
NARCE Jean-Paul,NARCE JP,Male,1947-10-02,France,Diving,Judge
NARCE Jean-Paul,NARCE J,Male,1947-10-02,France,Water Polo,Judge
NARITOMI Toshihiro,NARITOMI T,Male,1964-03-11,Japan,Wrestling,Judge
NASIROVA Nigar,NASIROVA N,Female,1966-02-06,Azerbaijan,Boxing,Judge
NASTASE Cristina,NASTASE C,Female,1984-11-03,Romania,Handball,Referee
NEDELJKOVIC Leonardo,NEDELJKOVIC L,Male,1974-07-26,Serbia,Wrestling,Judge
NEDERHOED Jacobus,NEDERHOED J,Male,1963-02-24,Netherlands,Volleyball,Referee
NEGISHI Kiyoaki,NEGISHI K,Male,1983-06-25,Japan,Beach Volleyball,Referee
NEIL Kirsten,NEIL K,Female,1973-03-30,Australia,Equestrian,Jury Member
NEPOTACHEVA Anna,NEPOTACHEVA A,Female,1973-09-25,Australia,Diving,Judge
NEPOTACHEVA Anna,NEPOTACHEVA A,Female,1973-09-25,Australia,Water Polo,Judge
NESS Kristina,NESS K,Female,1991-05-01,Norway,Wrestling,Judge
NEUMANN Aleisha,NEUMANN A,Female,1989-09-08,Australia,Hockey,Umpire
NICOLOSI Manuela,NICOLOSI M,Female,1980-01-18,France,Football,Assistant Referee
NIIZUMA Akiko,NIIZUMA A,Female,1972-06-12,Japan,Volleyball,Referee
NIKOLOV Slave,NIKOLOV S,Male,1975-08-18,North Macedonia,Handball,Referee
NISHIDA Kazuyuki,NISHIDA K,Male,1970-09-16,Japan,Judo,Judge
NISHIDA Takahiro,NISHIDA T,Male,1957-04-14,Japan,Judo,Judge
NISHIMURA Noriyuki,NISHIMURA N,Male,1970-11-14,Japan,Taekwondo,Referee
NISHIYAMA Naoyuki,NISHIYAMA N,Male,1985-07-24,Japan,Volleyball,Referee
NJOROGE Mary,NJOROGE M,Female,1985-01-04,Kenya,Football,Assistant Referee
NOJIMA Yuka,NOJIMA Y,Female,1976-07-26,Japan,Beach Volleyball,Referee
NOJIMA Yuka,NOJIMA Y,Female,1976-07-26,Japan,Volleyball,Referee
NORFORD Michael,NORFORD M,Male,1959-02-10,Great Britain,Boxing,Judge
NOVOTNA Hana,NOVOTNA H,Female,1964-11-07,Czech Republic,Diving,Judge
NOVOTNA Hana,NOVOTNA H,Female,1964-11-07,Czech Republic,Water Polo,Judge
NOVOTNY Jiri,NOVOTNY J,Male,1979-09-25,Czech Republic,Handball,Referee
NUTSUBIDZE Vladimer,NUTSUBIDZE V,Male,1969-12-07,Georgia,Judo,Judge
O&amp;#39;NEAL Sonia,O&#39;NEAL S,Female,1952-01-15,Barbados,Diving,Judge
O&amp;#39;NEAL Sonia,O&#39;NEAL S,Female,1952-01-15,Barbados,Water Polo,Judge
OBATA Hiroyuki,OBATA H,Male,1969-03-31,Japan,Wrestling,Judge
OCIC Zvonko,OCIC Z,Male,1967-02-18,Croatia,Wrestling,Judge
OGATA Shigeo,OGATA S,Male,1968-10-04,Japan,Diving,Judge
OGATA Shigeo,OGATA S,Male,1968-10-04,Japan,Water Polo,Judge
OGAWA Koji,OGAWA K,Male,1966-11-14,Japan,Beach Volleyball,Referee
OH Kwang Cheol,OH KC,Male,1970-06-23,Azerbaijan,Taekwondo,Referee
OHKUBO Kazushi,OHKUBO K,Male,1963-05-18,Japan,Diving,Judge
OHME Frank,OHME F,Male,1983-08-02,Germany,Water Polo,Referee
OI Yuya,OI Y,Male,1988-01-22,Japan,Volleyball,Referee
OIKAWA Chiharu,OIKAWA C,Female,1977-01-20,Japan,Volleyball,Referee
OKABE Tatsumasa,OKABE T,Male,1980-01-25,Japan,Volleyball,Referee
OKAIZUMI Shigeru,OKAIZUMI S,Male,1968-04-02,Japan,Judo,Judge
OKIYAMA Isao,OKIYAMA I,Male,1966-08-03,Japan,Wrestling,Judge
OLIVARES PEREZ Wulfren,OLIVARES PEREZ W,Male,1958-03-30,Colombia,Boxing,Judge
O'NEILL Michelle,O'NEILL M,Female,1978-07-20,Ireland,Football,Assistant Referee
ONIGAHARA Shinpei,ONIGAHARA S,Male,1988-12-29,Japan,Volleyball,Referee
ONO Masato,ONO M,Male,1967-05-13,Japan,Volleyball,Referee
ONODA Hirohito,ONODA H,Male,1977-05-09,Japan,Judo,Judge
ORTEGA Kevin,ORTEGA K,Male,1992-03-26,Peru,Football,Referee
ORUE Michael,ORUE M,Male,1985-05-01,Peru,Football,Assistant Referee
OSADA Go,OSADA G,Male,1973-05-27,Japan,Beach Volleyball,Referee
OSAKO Akinobu,OSAKO A,Male,1960-11-27,Japan,Judo,Judge
OTGONBAYAR Mandakhbayar,OTGONBAYAR M,Male,1981-03-04,Mongolia,Boxing,Judge
OTSU Satoshi,OTSU S,Male,1978-04-16,Japan,Volleyball,Referee
OTSUKA Yuka,OTSUKA Y,Female,1976-03-25,Japan,Judo,Judge
OWASHI Kazuya,OWASHI K,Male,1988-07-09,Japan,Volleyball,Referee
PADRON HERNANDEZ Jose Maria,PADRON HERNANDEZ J,Male,1972-05-27,Spain,Beach Volleyball,Referee
PAKOSTA Marek,PAKOSTA M,Male,1969-04-21,Czech Republic,Beach Volleyball,Referee
PAL Szabolcs,PAL S,Male,1974-12-15,Hungary,Wrestling,Judge
PAOLANTONI Maria Ines,PAOLANTONI MI,Female,1983-02-15,Argentina,Handball,Referee
PAPADOGOULAS Charalampos,PAPADOGOULAS C,Male,1977-11-29,Greece,Beach Volleyball,Referee
PAPADOPOULOS Andreas,PAPADOPOULOS A,Male,1967-11-22,Greece,Basketball,Jury Member
PAPAZIAN Richard,PAPAZIAN R,Male,1944-10-05,France,Diving,Judge
PAREDES Guillermo,PAREDES G,Male,1954-03-12,Argentina,Volleyball,Referee
PARK Hyounggui,PARK H,Male,1971-08-08,Republic of Korea,Taekwondo,Referee
PARKER Corey,PARKER C,Male,1986-03-29,United States of America,Football,Assistant Referee
PAVICEVIC Ivan,PAVICEVIC I,Male,1980-12-09,Montenegro,Handball,Referee
PAVLOV Roman,PAVLOV R,Male,1980-04-26,Ukraine,Wrestling,Judge
PENSO Chris,PENSO C,Male,1982-04-28,United States of America,Football,Video Assistant Referee (VAR)
PERELLO Shirley,PERELLO S,Female,1986-02-17,Honduras,Football,Assistant Referee
PEREZ CANASVERAS Angel Luis,PEREZ CANASVERAS A,Male,1969-12-09,Spain,Diving,Judge
PERIS Nenad,PERIS N,Male,1964-09-08,Croatia,Water Polo,Referee
PETANJEK Davor,PETANJEK D,Male,1966-10-29,Croatia,Wrestling,Judge
PETERSON Gord,PETERSON G,Male,1957-12-19,Canada,Diving,Judge
PETR Lubomir,PETR L,Male,1971-02-26,Australia,Judo,Judge
PETROVIC Stevo,PETROVIC S,Male,1965-07-07,Finland,Wrestling,Judge
PHATSOANE Souru,PHATSOANE S,Male,1988-08-05,Lesotho,Football,Assistant Referee
PHILIPPOPOULOS Dominique,PHILIPPOPOULOS D,Female,1966-02-06,South Africa,Diving,Judge
PHILIPPOPOULOS Dominique,PHILIPPOPOULOS D,Female,1966-02-06,South Africa,Water Polo,Judge
PICSON Maria Karina,PICSON MK,Female,1962-02-17,Philippines,Boxing,Judge
PINKER Guy,PINKER G,Male,1958-05-30,South Africa,Diving,Judge
PIPER Anke,PIPER A,Female,1972-03-12,Germany,Diving,Judge
PIPER Anke,PIPER A,Female,1972-03-12,Germany,Water Polo,Judge
PIPERSKI CUCIC Vesna,PIPERSKI CUCIC V,Female,1976-03-27,Serbia,Wrestling,Judge
POIGER Roland,POIGER R,Male,1978-04-13,Austria,Judo,Judge
POP Teodor,POP T,Male,1968-09-28,Germany,Judo,Judge
POTEC Camelia,POTEC C,Female,1982-02-19,Romania,Diving,Judge
POTEC Camelia,POTEC C,Female,1982-02-19,Romania,Water Polo,Judge
PRANARTA Pranarta,PRANARTA P,Male,1976-10-29,Indonesia,Diving,Judge
PRASAD Raghu,PRASAD R,Male,1978-01-31,India,Hockey,Umpire
PRAYER Andrea,PRAYER A,Male,1958-12-19,Italy,Diving,Judge
PRAYER Andrea,PRAYER A,Male,1958-12-19,Italy,Water Polo,Judge
PRESENQUI Irene,PRESENQUI I,Female,1984-11-30,Argentina,Hockey,Umpire
PRISTOVAKIN Roman,PRISTOVAKIN R,Male,1978-04-27,Russian Federation,Beach Volleyball,Referee
PUSTOVOITOVA Anastasia,PUSTOVOITOVA A,Female,1981-02-10,Russian Federation,Football,Referee
PUTNIKOVIC Vojin,PUTNIKOVIC V,Male,1982-11-17,Serbia,Water Polo,Referee
PUTRA POHAN Muhammad Arisa,PUTRA POHAN MA,Male,1973-06-04,Indonesia,Boxing,Judge
QUELLMALZ Udo,QUELLMALZ U,Male,1967-03-08,Germany,Judo,Judge
RACZKOWSKI Pawel,RACZKOWSKI P,Male,1983-05-10,Poland,Football,Video Assistant Referee (VAR)
RAFALSKI Katrin,RAFALSKI K,Female,1982-02-04,Germany,Football,Assistant Referee
RAILEANU Stefan,RAILEANU S,Male,1989-05-16,Republic of Moldova,Taekwondo,Referee
RAK Mladen,RAK M,Male,1967-03-20,Croatia,Water Polo,Video Assistant Referee
RAKHLIN Evgeny,RAKHLIN E,Male,1975-02-04,Russian Federation,Judo,Judge
RALUY LOPEZ Oscar,RALUY LOPEZ O,Male,1976-08-03,Spain,Handball,Referee
RAMAEKERS Jhon,RAMAEKERS J,Male,1974-03-28,Netherlands,Judo,Judge
RAMOS Armando,RAMOS A,Male,1974-08-07,Mexico,Basketball,Jury Member
RANGELOVA Eleonora,RANGELOVA E,Female,1968-05-18,Bulgaria,Basketball,Jury Member
RAO Lang,RAO L,Female,1976-11-28,People's Republic of China,Diving,Judge
RAPISARDA Daniele,RAPISARDA D,Male,1968-05-06,Italy,Volleyball,Referee
RATAJOVA Lucie,RATAJOVA L,Female,1979-12-02,Czech Republic,Football,Assistant Referee
RAZNATOVIC Milos,RAZNATOVIC M,Male,1980-07-21,Montenegro,Handball,Referee
REICH Gerd,REICH G,Male,1973-11-08,Germany,Wrestling,Judge
REINER Karl Heinz,REINER KH,Male,1972-08-21,Austria,Wrestling,Judge
REINSHREIBER Roi,REINSHREIBER R,Male,1980-06-28,Israel,Football,Video Assistant Referee (VAR)
REIS Violeta,REIS V,Female,1978-03-11,Brazil,Diving,Judge
RELJIN Jelena,RELJIN J,Female,1961-01-02,Serbia,Volleyball,Referee
REMIREZ RUIZ Paula,REMIREZ RUIZ P,Female,1983-03-30,Spain,Taekwondo,Referee
RENEV Yaroslav,RENEV Y,Male,1966-06-19,Russian Federation,Boxing,Referee
REWAY Wagner,REWAY W,Male,1981-05-14,Brazil,Football,Video Assistant Referee (VAR)
RIEXINGER Gotthilf,RIEXINGER G,Male,1947-08-13,Germany,Equestrian,Jury Member
RIGAMONTI Alberto,RIGAMONTI A,Male,1965-08-13,Italy,Beach Volleyball,Referee
RIGAMONTI Alberto,RIGAMONTI A,Male,1965-08-13,Italy,Volleyball,Referee
RIMKUS Tomas,RIMKUS T,Male,1973-02-01,Lithuania,Basketball,Jury Member
RINGMARK Magnus,RINGMARK M,Male,1963-09-26,Sweden,Equestrian,Jury Member
RIVET Maria,RIVET M,Female,1984-04-20,Mauritius,Football,Referee
ROCHA CHAVEZ Sergio,ROCHA CHAVEZ S,Male,1964-12-08,Mexico,Diving,Judge
RODAK Sanja,RODAK S,Female,1983-12-16,Croatia,Football,Assistant Referee
RODRIGUES Luis Alexandre,RODRIGUES LA,Male,1965-05-23,Portugal,Beach Volleyball,Referee
RODRIGUES Luis Alexandre,RODRIGUES LA,Male,1965-05-23,Brazil,Volleyball,Referee
RODRIGUEZ ALVAREZ Jose,RODRIGUEZ ALVAREZ,Male,1984-04-01,Mexico,Equestrian,Jury Member
RODRIGUEZ AMADEO Angelique M.,RODRIGUEZ AMADEO A,Female,1975-08-26,United States of America,Diving,Judge
RODRIGUEZ Jose,RODRIGUEZ J,Male,1949-07-26,United States of America,Judo,Judge
RODRIGUEZ Susana,RODRIGUEZ S,Female,1974-10-19,Spain,Volleyball,Referee
ROLF Pati,ROLF P,Female,1963-04-23,United States of America,Volleyball,Referee
ROSSIER Yves,ROSSIER Yves,Male,1958-11-26,Canada,Equestrian,Technical Delegate
ROSTRON Annelize,ROSTRON A,Female,1984-10-17,South Africa,Hockey,Umpire
RUHEN Carl,RUHEN C,Male,1967-01-20,Australia,Boxing,Judge
RUIZ PEDREGUERA Rolando,RUIZ PEDREGUERA R,Male,1957-03-26,Cuba,Diving,Judge
RULE Mark,RULE M,Male,1981-06-08,New Zealand,Football,Assistant Referee
SAAVEDRA CACERES Juan Carlos,SAAVEDRA CACERES J,Male,1982-05-07,Colombia,Beach Volleyball,Referee
SABROSO RAMIREZ Angel,SABROSO RAMIREZ A,Male,1977-12-22,Spain,Handball,Referee
SAHIN Metin,SAHIN M,Male,1963-01-10,Turkey,Taekwondo,Referee
SAIDOVA Svitlana,SAIDOVA S,Female,1954-11-07,Ukraine,Diving,Judge
SAIDOVA Svitlana,SAIDOVA S,Female,1954-11-07,Ukraine,Water Polo,Judge
SAITO Osamu,SAITO O,Male,1954-06-09,Japan,Wrestling,Judge
SAITO Satoru,SAITO S,Male,1976-08-24,Japan,Taekwondo,Referee
SAKAI Misumi,SAKAI M,Female,1978-01-17,Japan,Beach Volleyball,Referee
SAKAMAKI Yusuke,SAKAMAKI Y,Male,1984-04-17,Japan,Beach Volleyball,Referee
SAKATA Yoshihiro,SAKATA Y,Male,1971-07-25,Japan,Diving,Judge
SAKURAOKA Tongan,SAKURAOKA T,Male,1980-09-30,Japan,Taekwondo,Referee
SALAH Morad,SALAH M,Male,1990-06-12,Switzerland,Handball,Referee
SALNICHENKO Viktor,SALNICHENKO V,Male,1967-02-16,Kazakhstan,Water Polo,Referee
SANADA Eisaku,SANADA E,Male,1958-12-01,Japan,Wrestling,Judge
SANCHEZ Armando,SANCHEZ A,Male,1956-08-24,United States of America,Boxing,Judge
SANCHEZ IRIZARRY Axel A,SANCHEZ IRIZARRY A,Male,1970-09-16,United States of America,Taekwondo,Referee
SANCHEZ Jesus,SANCHEZ J,Male,1987-05-11,Peru,Football,Assistant Referee
SANKO Barbara,SANKO B,Female,1972-12-08,Poland,Boxing,Judge
SANTAELLA Katiuska,SANTAELLA K,Female,1967-05-21,Venezuela,Judo,Judge
SANTIAGO Ricardo Jr.,SANTIAGO R. JR.,Male,1969-09-05,Philippines,Taekwondo,Referee
SANTOS Duarte,SANTOS D,Male,1981-05-10,Portugal,Handball,Referee
SARUTA Mitsuru,SARUTA M,Male,1964-02-29,Japan,Wrestling,Judge
SASAKI Chizuru,SASAKI C,Female,1994-10-10,Japan,Judo,Judge
SASAKI Shin,SASAKI S,Male,1982-09-07,Japan,Volleyball,Referee
SATOMI Mariko,SATOMI M,Female,1967-02-15,Japan,Beach Volleyball,Referee
SAWA Tatsuhiro,SAWA T,Male,1969-05-06,Japan,Beach Volleyball,Referee
SAWADA Kazuki,SAWADA K,Male,1994-02-05,Japan,Taekwondo,Referee
SAYIDOV Ramziddin,SAYIDOV R,Male,1982-04-14,Uzbekistan,Judo,Judge
SCHAER Gabriela,SCHAER G,Female,1963-08-03,Costa Rica,Basketball,Jury Member
SCHEFFLER Agnieszka,SCHEFFLER A,Female,1983-08-21,Poland,Taekwondo,Referee
SCHEINER Vaclav,SCHEINER V,Male,1980-04-22,Czech Republic,Wrestling,Judge
SCHLEPPS Holger,SCHLEPPS H,Male,1972-04-04,Germany,Diving,Judge
SCHNEIDER Jill,SCHNEIDER J,Female,1958-07-13,United States of America,Basketball,Jury Member
SCHOTT Lisa,SCHOTT L,Female,1958-05-04,Canada,Diving,Judge
SCHOTT Lisa,SCHOTT L,Female,1958-05-04,Canada,Water Polo,Judge
SCHRENK Christopher,SCHRENK C,Male,1986-12-15,Austria,Beach Volleyball,Referee
SCHULZE Robert,SCHULZE R,Male,1983-12-13,Germany,Handball,Referee
SEAMAN Kathy,SEAMAN K,Female,1951-10-30,Canada,Diving,Judge
SEAMAN Kathy,SEAMAN K,Female,1951-10-30,Canada,Water Polo,Judge
SEEFRIED Mary,SEEFRIED M,Female,1946-10-13,Australia,Equestrian,Dressage Delegate
SEGURA Jordi,SEGURA J,Male,1949-04-17,Spain,Diving,Judge
SEGURA Jordi,SEGURA J,Male,1949-04-17,Spain,Water Polo,Judge
SEIFALLAH Hesham,SEIFALLAH H,Male,1969-03-03,Egypt,Diving,Judge
SEIFALLAH Hesham,SEIFALLAH H,Male,1969-03-03,Egypt,Water Polo,Judge
SEKINE Takashi,SEKINE T,Male,1971-09-04,Japan,Beach Volleyball,Referee
SEKINO Tomohito,SEKINO T,Male,1978-11-10,Japan,Volleyball,Referee
SEMBA Shimpei,SEMBA S,Male,1989-09-23,Japan,Handball,Referee
SEMBOKUYA Kazunari,SEMBOKUYA K,Male,1964-01-30,Japan,Wrestling,Judge
SEN Levent,SEN L,Male,1974-01-02,Turkey,Wrestling,Judge
SERVIDE Roberto Fernando,SERVIDE RF,Male,1965-03-19,Argentina,Boxing,Judge
SEVERO Alessandro,SEVERO A,Male,1973-09-30,Italy,Water Polo,Referee
SHAABAN Mohamed,SHAABAN M,Male,1978-10-02,Egypt,Taekwondo,Referee
SHADGAN Babak,SHADGAN B,Male,1969-02-21,Canada,Wrestling,Judge
SHAIKH Javed,SHAIKH J,Male,1976-04-02,India,Hockey,Umpire
SHARONOV Evgeny,SHARONOV E,Male,1958-12-11,ROC,Diving,Judge
SHAW William,SHAW W,Male,1949-10-10,Canada,Diving,Judge
SHCHETININ Anton,SHCHETININ A,Male,1986-03-27,Australia,Football,Assistant Referee
SHERSHNEV Alexandr,SHERSHNEV A,Male,1985-08-12,Kazakhstan,Water Polo,Video Assistant Referee
SHIMAJIRI Mariko,SHIMAJIRI M,Female,1981-10-09,Japan,Handball,Referee
SHIMIZU Satomi,SHIMIZU S,Female,1981-08-14,Japan,Volleyball,Referee
SHIMOHARAI Sho,SHIMOHARAI S,Male,1991-01-20,Japan,Handball,Referee
SHIMOKUSU Masaya,SHIMOKUSU M,Male,1968-04-06,Japan,Judo,Judge
SHINAGAWA Kyoko,SHINAGAWA K,Female,1969-08-16,Japan,Volleyball,Referee
SHINOZAKI Kazuo,SHINOZAKI K,Male,1980-06-10,Japan,Boxing,Judge
SHIOKAWA Kengo,SHIOKAWA K,Male,1992-06-14,Japan,Volleyball,Referee
SHIRALIYEV Asif,SHIRALIYEV A,Male,1981-05-13,Azerbaijan,Wrestling,Judge
SHMUELY Aviram,SHMUELY A,Male,1962-08-11,Israel,Wrestling,Judge
SIMON Radoslav,SIMON R,Male,1986-06-20,Slovakia,Boxing,Judge
SIMONOVIC Vladimir,SIMONOVIC V,Male,1976-01-29,Serbia,Volleyball,Referee
SINDEN Jodie,SINDEN J,Female,1994-07-21,Great Britain,Taekwondo,Referee
SINDIC Saso,SINDIC S,Male,1974-07-28,Slovenia,Judo,Judge
SNIUKSTA Gintaras,SNIUKSTA G,Male,1965-10-15,Lithuania,Boxing,Judge
SOARES Paulo,SOARES P,Male,1976-08-31,Portugal,Football,Assistant Referee
SOERLIE Carsten,SOERLIE C,Male,1957-01-17,Norway,Equestrian,Jury President
SOH Soh Yew Siang,SOH SYS,Male,1961-04-16,Malaysia,Diving,Judge
SOH Soh Yew Siang,SOH S,Male,1961-04-16,Malaysia,Water Polo,Judge
SOK David,SOK D,Male,1983-03-18,Slovenia,Handball,Referee
SONEZAKI Takeyoshi,SONEZAKI T,Male,1972-02-28,Japan,Boxing,Judge
SOTO Jorge,SOTO J,Male,1978-04-21,Colombia,Diving,Judge
SPIEGEL Jeffrey,SPIEGEL J,Male,1988-02-28,Germany,Wrestling,Judge
SPINNICCHIA Marco,SPINNICCHIA M,Male,1977-07-06,Italy,Beach Volleyball,Referee
SRICHAISAWAT Paiboon,SRICHAISAWAT P,Male,1957-09-10,Thailand,Boxing,Judge
STANCU Simona,STANCU S,Female,1985-12-21,Romania,Handball,Referee
STARKOV Andriy,STARKOV A,Male,1986-08-20,Ukraine,Taekwondo,Referee
STAUBLI Esther,STAUBLI E,Female,1979-10-03,Switzerland,Football,Referee
STAVRIDIS Georgios,STAVRIDIS G,Male,1970-04-07,Greece,Water Polo,Referee
STEINHAUS-WEBB Bibiana,STEINHAUS-WEBB B,Female,1979-03-24,Germany,Football,Video Assistant Referee (VAR)
STOJKOVIC Uros,STOJKOVIC U,Male,1983-11-04,Serbia,Football,Assistant Referee
STRILETSKA Maryna,STRILETSKA M,Female,1983-08-22,Ukraine,Football,Assistant Referee
SUEGARA Masaru,SUEGARA M,Male,1958-02-20,Japan,Wrestling,Judge
SUEHIRO Akito,SUEHIRO A,Male,1949-11-19,Japan,Diving,Judge
SUEHIRO Akito,SUEHIRO A,Male,1949-11-19,Japan,Water Polo,Judge
SUIYENISH Yermek,SUIYENISH Y,Male,1977-07-07,Kazakhstan,Boxing,Judge
SULEJMANI Maksim,SULEJMANI M,Male,1969-11-02,Australia,Boxing,Judge
SUMAVIL Osvaldo,SUMAVIL O,Male,1969-06-23,Argentina,Beach Volleyball,Referee
SUMIMOTO Hideki,SUMIMOTO H,Male,1958-02-06,Japan,Volleyball,Referee
SUN Jian,SUN J,Male,1973-06-25,People's Republic of China,Wrestling,Judge
SUNAI Tetsushi,SUNAI T,Male,1970-11-07,Japan,Wrestling,Judge
SURL Philip,SURL Philip,Male,1966-06-21,Great Britain,Equestrian,Technical Delegate
SUWANNAMAI Thanathorn,SUWANNAMAI T,Male,1989-03-27,Thailand,Beach Volleyball,Referee
SUZARA Ramon,SUZARA R,Male,1959-05-05,Philippines,Volleyball,Referee
SUZUKI Hidetoshi,SUZUKI H,Male,1964-04-04,Japan,Taekwondo,Referee
SUZUKI Miho,SUZUKI M,Female,1985-04-13,Japan,Volleyball,Referee
SUZUKI Toshihide,SUZUKI T,Male,1978-08-19,Japan,Wrestling,Judge
SZALMA Zoltan,SZALMA Z,Male,1967-09-22,Hungary,Boxing,Judge
SZEKFFY Nora,SZEKFFY N,Female,1970-01-23,Hungary,Diving,Judge
SZOKE Andor,SZOKE A,Male,1985-05-30,Hungary,Judo,Judge
TAKAHASHI Daisuke,TAKAHASHI D,Male,1974-06-02,Japan,Taekwondo,Referee
TAKAHASHI Hiroaki,TAKAHASHI H,Male,1976-10-19,Japan,Volleyball,Referee
TAKAHASHI Miyuki,TAKAHASHI M,Female,1977-05-28,Japan,Volleyball,Referee
TAKAHASHI Yasunobu,TAKAHASHI Y,Male,1967-03-26,Japan,Judo,Judge
TAKANO Osamu,TAKANO O,Male,1977-10-08,Japan,Volleyball,Referee
TAKANO Osamu,TAKANO O,Male,1963-03-12,Japan,Handball,Referee
TAKAYAMA Ken,TAKAYAMA K,Male,1964-06-06,Japan,Judo,Judge
TAKAZAWA Rie,TAKAZAWA R,Female,1973-04-23,Japan,Volleyball,Referee
TAKAZAWA Yoshie,TAKAZAWA Y,Female,1975-07-28,Japan,Volleyball,Referee
TAKEZAWA Takuto,TAKEZAWA T,Male,1982-05-30,Japan,Beach Volleyball,Referee
TANAKA Hideto,TANAKA H,Male,1964-11-04,Japan,Wrestling,Judge
TANEMOTO Keiko,TANEMOTO K,Female,1975-09-24,Japan,Volleyball,Referee
TANG Mae Chen,TANG MC,Female,1960-09-26,Malaysia,Diving,Judge
TANG Mae Chen,TANG M,Female,1960-09-26,Malaysia,Water Polo,Judge
TARAN Nicolas,TARAN N,Male,1980-08-27,Uruguay,Football,Assistant Referee
TASAKI Sosuke,TASAKI S,Male,1978-06-05,Japan,Boxing,Judge
TAYLOR Simon,TAYLOR S,Male,1972-07-02,New Zealand,Hockey,Umpire
TEIXEIRA Tullio,TEIXEIRA T,Male,1960-07-13,Brazil,Beach Volleyball,Referee
TEIXIDO BERMUDEZ Jaume,TEIXIDO BERMUDEZ J,Male,1968-02-01,Spain,Water Polo,Video Assistant Referee
TERANISHI Yukimitsu,TERANISHI Y,Male,1970-04-25,Japan,Beach Volleyball,Referee
TERAZAWA Atsushi,TERAZAWA A,Male,1968-04-11,Japan,Wrestling,Judge
TERRILLI Fernando,TERRILLI F,Male,1969-05-20,Argentina,Diving,Judge
TERRILLI Fernando,TERRILLI F,Male,1969-05-20,Argentina,Water Polo,Judge
TESHIROGI Naomi,TESHIROGI N,Female,1980-09-12,Japan,Football,Assistant Referee
TEUSCHER Gabriela,TEUSCHER G,Female,1955-08-11,Mexico,Equestrian,Jury Member
THAMPU Nelka Shiromala,THAMPU NS,Female,1976-01-22,Sri Lanka,Boxing,Judge
THAULI Harveen,THAULI H,Female,1966-10-17,Canada,Equestrian,Jury Member
THIELENHAUS Andrea,THIELENHAUS A,Female,1963-03-25,Germany,Diving,Judge
THIELENHAUS Andrea,THIELENHAUS A,Female,1963-03-25,Germany,Water Polo,Judge
THIVAIOU Maria,THIVAIOU M,Female,1973-03-14,Greece,Diving,Judge
THIVAIOU Maria,THIVAIOU M,Female,1973-03-14,Greece,Water Polo,Judge
THOMSON Mike,THOMSON M,Male,1958-11-26,Canada,Basketball,Jury Member
TIMBA Majore,TIMBA M,Male,1955-01-23,Cameroon,Volleyball,Referee
TITOV Sergey,TITOV S,Male,1961-09-18,Russian Federation,Volleyball,Referee
TODA Koki,TODA K,Male,1974-09-17,Japan,Volleyball,Referee
TOGAWA Taisuke,TOGAWA T,Male,1974-07-30,Japan,Volleyball,Referee
TOHYAMA Tomohiro,TOHYAMA T,Male,1950-02-21,Japan,Volleyball,Referee
TOMITA Taku,TOMITA T,Male,1965-05-28,Japan,Handball,Referee
TOMLINSON David,TOMLINSON D,Male,1980-07-14,New Zealand,Hockey,Umpire
TOMONO Soomi,TOMONO S,Female,1980-11-01,Japan,Taekwondo,Referee
TONNIES Tobias,TONNIES T,Male,1983-09-30,Germany,Handball,Referee
TORAZAWA Yoshitaka,TORAZAWA Y,Male,1976-08-05,Japan,Volleyball,Referee
TORO MARTINEZ Morgan,TORO MARTINEZ M,Male,1971-12-18,United States of America,Diving,Judge
TORO MARTINEZ Morgan,TORO MARTINEZ M,Male,1971-12-18,United States of America,Water Polo,Judge
TORREALBA Lubin,TORREALBA L,Male,1984-05-19,Venezuela,Football,Assistant Referee
TOTSUKA Akira,TOTSUKA A,Male,1989-08-22,Japan,Volleyball,Referee
TOULOUDIS Nikolaos,TOULOUDIS N,Male,1960-01-31,Greece,Diving,Judge
TRAI Belkacem,TRAI B,Male,1979-05-14,Algeria,Wrestling,Judge
TRINIDAD Richard,TRINIDAD R,Male,1978-01-08,Uruguay,Football,Assistant Referee
TROTTIER Andre,TROTTIER A,Male,1960-07-19,Canada,Beach Volleyball,Referee
TSERENKHAND Tsogtgerel,TSERENKHAND T,Female,1972-12-19,Mongolia,Boxing,Judge
TSUJI Tomoyuki,TSUJI T,Male,1976-04-01,Japan,Beach Volleyball,Referee
TSUMURA Kozo,TSUMURA K,Male,1960-11-08,Japan,Judo,Judge
TSUTSUI Minoru,TSUTSUI M,Male,1969-12-16,Japan,Wrestling,Judge
TSUZAKI Asumi,TSUZAKI A,Female,1989-03-22,Japan,Water Polo,Referee
TSYLENTS Valery,TSYLENTS V,Male,1969-09-22,Belarus,Wrestling,Judge
TURBAT Enkhtsetseg,TURBAT E,Female,1983-11-27,Mongolia,Judo,Judge
TURCI Paulo,TURCI P,Male,1964-07-25,Brazil,Volleyball,Referee
TURNER Tracy,TURNER T,Male,1953-12-16,United States of America,Equestrian,Jury Member
TUTTON Steve,TUTTON S,Male,1960-04-09,Australia,Beach Volleyball,Referee
UCHIDA Kazuo,UCHIDA K,Male,1992-02-15,Japan,Volleyball,Referee
UEHARA Shinnosuke,UEHARA S,Male,1985-12-19,Japan,Volleyball,Referee
UFITIMANA Samuel,UFITIMANA S,Male,1981-03-20,Rwanda,Diving,Judge
UFITIMANA Samuel,UFITIMANA S,Male,1981-03-20,Rwanda,Water Polo,Judge
UGAWA Nao,UGAWA N,Female,1995-12-08,Japan,Beach Volleyball,Referee
UMEZAWA Masato,UMEZAWA M,Male,1986-06-07,Japan,Handball,Referee
USUI Ken,USUI K,Male,1986-12-25,Japan,Handball,Referee
VACHUN Michal,VACHUN M,Male,1944-06-27,Czech Republic,Judo,Judge
VALENZUELA Jesus,VALENZUELA J,Male,1983-11-24,Venezuela,Football,Referee
VALKOV Diyan,VALKOV D,Male,1977-03-02,Bulgaria,Football,Assistant Referee
van BUNGE Coen,van BUNGE C,Male,1981-06-03,Netherlands,Hockey,Umpire
van DAELE Jacques,van DAELE J,Male,1954-08-03,Belgium,Equestrian,Chief Steward
van den HOOGENBAND Cees,van den HOOGENBAND,Male,1949-06-06,Netherlands,Diving,Judge
van den HOOGENBAND Cees,van den HOOGENBAND,Male,1949-06-06,Netherlands,Water Polo,Judge
van der VOORT Ronald,van der VOORT R,Male,1972-08-24,Netherlands,Diving,Judge
VAQUERA Alejandro,VAQUERA A,Male,1976-02-24,Spain,Basketball,Jury Member
VARDANYAN Avetik,VARDANYAN A,Male,1980-08-25,Armenia,Wrestling,Judge
VARELA Santiago,VARELA S,Male,1968-09-08,Spain,Equestrian,Course Designer
VARVODIC Josip,VARVODIC J,Male,1985-08-03,Croatia,Diving,Judge
VARVODIC Josip,VARVODIC J,Male,1985-08-03,Croatia,Water Polo,Judge
VASYLYNCHUK Pavlo,VASYLYNCHUK P,Male,1981-02-21,Ukraine,Boxing,Judge
VAZQUEZ CALERO Wilfredo,VAZQUEZ CALERO W,Male,1971-08-19,Cuba,Boxing,Judge
VAZQUEZ Francisco,VAZQUEZ F,Male,1976-10-05,Spain,Hockey,Umpire
VENEGAS Lucila,VENEGAS L,Female,1981-04-23,Mexico,Football,Referee
VERBEEK Francis,VERBEEK F,Female,1956-04-27,Netherlands,Equestrian,Jury Member
VEYRAT Emmanuel,VEYRAT E,Male,1984-08-06,France,Wrestling,Judge
VIDOT Aurelie,VIDOT A,Female,1980-11-23,France,Basketball,Jury Member
VIGLIANO Mauro,VIGLIANO M,Male,1975-08-05,Argentina,Football,Video Assistant Referee (VAR)
VILARINO Manuel,VILARINO M,Male,1981-12-15,Argentina,Boxing,Judge
VILLARREAL Angel Luis,VILLARREAL AL,Male,1955-10-10,United States of America,Boxing,Judge
VILLAS-BOAS Maria Amelia,VILLAS-BOAS MA,Female,1957-07-05,Brazil,Beach Volleyball,Referee
VILLET Charles,VILLET C,Male,1964-11-15,South Africa,Wrestling,Judge
VOEVODIN Arkadiy,VOEVODIN A,Male,1971-01-23,Russian Federation,Water Polo,Referee
VYAS Mayur Jansukhlal,VYAS MJ,Male,1958-07-20,India,Diving,Judge
WAH Eric,WAH E,Male,1954-02-27,Canada,Taekwondo,Referee
WAITH John,WAITH J,Male,1952-05-28,Great Britain,Boxing,Judge
WALDOW John,WALDOW J,Male,1964-09-02,New Zealand,Water Polo,Referee
WANG Lijun,WANG L,Female,1975-07-10,People's Republic of China,Beach Volleyball,Referee
WANG Xinzhai,WANG X,Male,1973-07-21,People's Republic of China,Diving,Judge
WANG Xinzhai,WANG X,Male,1973-07-21,People's Republic of China,Water Polo,Judge
WANGLER Marcelo,WANGLER M,Male,1960-01-15,Brazil,Beach Volleyball,Referee
WATANABE Akiko,WATANABE A,Female,1978-01-14,Japan,Volleyball,Referee
WATANABE Chie,WATANABE C,Female,1993-09-17,Japan,Volleyball,Referee
WATANABE Haruka,WATANABE H,Female,1987-07-16,Japan,Wrestling,Judge
WATANABE Nahoko,WATANABE N,Female,1978-05-25,Japan,Volleyball,Referee
WATANABE Takashi,WATANABE T,Male,1983-08-21,Japan,Judo,Judge
WATANABE Tatsuya,WATANABE T,Male,1988-11-09,Japan,Handball,Referee
WATANABE Yokichi,WATANABE Y,Male,1964-07-15,Japan,Wrestling,Judge
WENGENROTH MARTINELLI Ursula,WENGENROTH MARTINE,Female,1964-11-12,Switzerland,Water Polo,Referee
WEST John,WEST J,Male,1962-06-06,New Zealand,Diving,Judge
WEST John,WEST J,Male,1962-06-06,New Zealand,Water Polo,Judge
WETTERWIK Mattias,WETTERWIK M,Male,1983-08-06,Sweden,Handball,Referee
WEYESA Bamlaku Tessema,WEYESA B,Male,1980-12-30,Ethiopia,Football,Referee
WILLIS Dion,WILLIS D,Male,1967-10-25,South Africa,Water Polo,Referee
WILSON Sarah,WILSON S,Female,1988-08-16,Great Britain,Hockey,Umpire
WRIGHT Lisa,WRIGHT L,Female,1986-12-19,New Zealand,Diving,Judge
WRIGHT Peter,WRIGHT P,Male,1973-10-28,South Africa,Hockey,Umpire
WU Yu Ting,WU YT,Female,1994-05-19,Chinese Taipei,Taekwondo,Referee
WUEST Katrina,WUEST K,Female,1950-08-27,Germany,Equestrian,Jury President
YADA Yoshiaki,YADA Y,Male,1985-04-26,Japan,Beach Volleyball,Referee
YAHAGI Takanori,YAHAGI T,Male,1964-08-16,Japan,Diving,Judge
YAHIA CHERIF Mohammed,YAHIA CHERIF M,Male,1956-10-24,Algeria,Diving,Judge
YAHIA CHERIF Mohammed,YAHIA CHERIF M,Male,1956-10-24,Algeria,Water Polo,Judge
YAMADA Emi,YAMADA E,Female,1980-01-08,Japan,Hockey,Umpire
YAMAGISHI Yuji,YAMAGISHI Y,Male,1972-04-06,Japan,Judo,Judge
YAMAGUCHI Shigeo,YAMAGUCHI S,Male,1978-09-28,Japan,Handball,Referee
YAMAMOTO Masayasu,YAMAMOTO M,Male,1986-11-08,Japan,Beach Volleyball,Referee
YAMASAKI Kimihiro,YAMASAKI K,Male,1977-02-18,Japan,Beach Volleyball,Referee
YAMASHITA Akira,YAMASHITA A,Male,1981-09-21,Japan,Volleyball,Referee
YAMASHITA Tomonori,YAMASHITA T,Male,1968-12-26,Japan,Handball,Referee
YAMASHITA Yoshimi,YAMASHITA Y,Female,1986-02-20,Japan,Football,Referee
YANAGI Kazuhiro,YANAGI K,Male,1976-08-07,Japan,Taekwondo,Referee
YANO Hiroyuki,YANO H,Male,1969-11-22,Japan,Volleyball,Referee
YARKONI Idan,YARKONI I,Male,1982-10-28,Israel,Football,Assistant Referee
YASUDA Yuji,YASUDA Y,Male,1976-08-16,Japan,Volleyball,Referee
YILMAZ Mehmet,YILMAZ M,Male,1967-03-01,Turkey,Judo,Judge
YOKOSUKA Takayuki,YOKOSUKA T,Male,1984-02-22,Japan,Volleyball,Referee
YOSHIDA Masumi,YOSHIDA M,Male,1978-01-20,Japan,Volleyball,Referee
YOSHIDA Toshio,YOSHIDA T,Male,1970-09-21,Japan,Judo,Judge
YOSHIDA Yudai,YOSHIDA Y,Male,1986-04-11,Japan,Handball,Referee
YOSHIMOTO Osamu,YOSHIMOTO O,Male,1970-01-16,Japan,Wrestling,Judge
YOSHIOKA Nana,YOSHIOKA N,Female,1997-07-23,Japan,Volleyball,Referee
YOSHITANI Yusuke,YOSHITANI Y,Male,1982-06-18,Japan,Beach Volleyball,Referee
YOUNES Walid,YOUNES W,Male,1966-07-20,Switzerland,Taekwondo,Referee
YUAN Haoran,YUAN H,Male,1973-05-02,People's Republic of China,Diving,Judge
YUAN Haoran,YUAN H,Male,1973-05-02,People's Republic of China,Water Polo,Judge
YUCEL Mehmet Gurhan,YUCEL MG,Male,1982-06-22,Turkey,Wrestling,Judge
ZAHONYI Tamas,ZAHONYI T,Male,1978-05-29,Hungary,Judo,Judge
ZALESKI Carol,ZALESKI C,Female,1938-08-23,United States of America,Diving,Judge
ZALESKI Carol,ZALESKI C,Female,1938-08-23,United States of America,Water Polo,Judge
ZAMPIERI Marco,ZAMPIERI M,Male,1974-02-08,Italy,Diving,Judge
ZEEGELAAR Zachari,ZEEGELAAR Z,Male,1989-10-03,Suriname,Football,Assistant Referee
ZHANG Guo,ZHANG G,Male,1977-03-05,People's Republic of China,Boxing,Judge
ZHANG Liang,ZHANG L,Male,1984-08-05,People's Republic of China,Water Polo,Referee
ZHAO Qi,ZHAO Q,Male,1974-05-01,People's Republic of China,Diving,Judge
ZHOU Jihong,ZHOU J.,Female,1965-01-11,People's Republic of China,Diving,Judge
ZHU Linfang,ZHU L,Female,1982-09-25,People's Republic of China,Taekwondo,Referee
ZINGER Edward,ZINGER E,Male,1969-07-21,Canada,Wrestling,Judge
ZOURAK Adil,ZOURAK A,Male,1978-08-25,Morocco,Football,Video Assistant Referee (VAR)
ZWART Michiel,ZWART M,Male,1986-11-08,Netherlands,Water Polo,Referee
ZWI Noam,ZWI N,Male,1958-04-20,Israel,Diving,Judge
ZWI Noam,ZWI N,Male,1958-04-20,Israel,Water Polo,Judge
